:1020000000800020C95D0000915D0000B15D00000E
:1020100000000000000000000000000000000000C0
:10202000000000000000000000000000B15D0000A2
:102030000000000000000000B15D00001D5E000017
:10204000B15D0000B15D0000B15D0000753E0000B3
:10205000555D0000B15D0000096A0000B55D00003B
:10206000B15D000041410000B15D0000B15D0000C4
:10207000B15D0000B15D000051410000B15D0000A4
:10208000B15D0000B15D0000B15D0000B15D000018
:1020900000000000B15D0000B15D0000B15D000016
:1020A000B15D0000B15D0000B15D0000B15D0000F8
:1020B0000000000010B5064C2378002B07D1054B1B
:1020C000002B02D0044800E000BF0123237010BDA4
:1020D000800200200000000024D50000044B10B551
:1020E000002B03D00349044800E000BF10BDC046E8
:1020F000000000008402002024D500000122014BD2
:102100001A707047210300200023124A1370D379FC
:10211000DB09FCD10321104B598059884904FCD4B8
:102120000E4999605978C909FCD10D49596059780F
:10213000C909FCD10B4959805978C909FCD10B2335
:1021400053700A3B137101331370D379DB09FCD14F
:102150007047C04600100040000C0040040400001E
:102160000403110003440000034AD379DB0901D1C1
:10217000A53313727047C04600100040F0B500242C
:1021800008270B4B025D53403A0001265D101E40AC
:10219000ABB2002E02D0074B5D40ABB2013AD2B2D7
:1021A000002AF2D10134E2B28A42EBD31800F0BD2A
:1021B000FFFF000001A0FFFFF8B500240126310059
:1021C0000720002C27D104F0BDF8C823DB00013B19
:1021D000FDD10720210004F0B5F8052003F062FED0
:1021E0001B4D642332005B21280001F0DDFA071E3D
:1021F0001CD1184A1378FF2B27D1174D17490134EA
:10220000280002F020F80A222100280002F087F8B6
:10221000032CD4D117E004F095F8022003F042FE1D
:102220000720002104F08EF81420D7E701212800B0
:1022300001F010FA0A49280000F0D2FF4E212800D0
:10224000494201F0ACFB3800F8BD01331370D4E70C
:10225000F8020020E302002094090020E9C60000F3
:10226000D8C6000070B5094DE124280001F0C6FE73
:102270000600280001F0B8FE3C23240158437443B3
:102280002418280001F0A6FE001970BD20030020CC
:10229000002313B5084C009309221021200000F000
:1022A00007FD064B0648236001F0E0FD054A0821C2
:1022B000054800F039FB13BDF8020020C8C9000032
:1022C0002003002030EF0000E802002070B5394BF9
:1022D0008EB01A78384B1A70FFF716FFE121374C91
:1022E0004902200002F092FAE1213548490203F048
:1022F00043FA344803F0D6FD0121042003F0F2FF35
:102300000021042004F01EF80121072003F0EAFF59
:102310000021072004F016F8FFF74EFF002803D134
:102320002949200001F0A4FF284A294901A808F002
:102330006DFA01A9200001F0A5FF264E300000F043
:102340002FFC002830D02449200001F080FF30000D
:1023500000F064FB0025214B1022595D200001F0A4
:10236000FEFF01352021200001F075FF082DF2D17C
:10237000200001F075FF300000F0FEFB184920003E
:1023800001F080FF174800F0B3FC174D0021280032
:1023900001F06EFE2800154901F09CFD1449200053
:1023A00001F066FF0EB070BD1249200001F06AFF17
:1023B000E4E7C046380400409E0200209409002053
:1023C00080060020881300009AC8000093030000D4
:1023D000C3C80000E8020020DEC80000220300207D
:1023E00034C90000F802002020030020FD20000076
:1023F00063C9000005C900007FB52A4B02AE0293F5
:1024000080235B00B38006213000FFF7B7FEB07178
:10241000000AF071244D280003F0D2FA041E03D004
:10242000280003F0B5FBF5E731000822280001F091
:10243000E1FE280003F0B7FA03F0FEFC0600072CCB
:1024400015D003F0F9FC194B801B984203D90120E9
:10245000404204B070BD280003F0B2FA0028EED06C
:10246000280003F095FB6B46E0540134E7E70521B3
:102470006846FFF783FE6B469A795B791202134335
:102480009842E4D16B461B78012BE0D16B465B7818
:10249000032BDCD16B461879DA780002104340BA7E
:1024A00080B2D6E70103000180060020E7030000A8
:1024B000F0B5ABB0FFF758FEFFF77EFE099000289D
:1024C00003D1BA49BA4801F0D3FE132003F09EFEAF
:1024D00005F02CFB011C04F079FEB64905F010F85C
:1024E000B54905F00DF804F03BFEB44C83B20893F7
:1024F0002378002B00D197E0FFF77EFF041E29DC34
:1025000003F09AFC0124070096206442400003F087
:10251000C9FC2500FFF728FEFFF76EFF061E00DC52
:1025200089E0002D00DC96E0451B0A35142D00D90A
:1025300091E09F4CA249200001F085FE03F07CFC55
:102540000A22C11B200001F0FEFE20009D4901F07F
:102550008FFE3400FFF708FEFFF784FE9A4B07005A
:102560001B789A4906939A4B1B781D000793069B8C
:102570000835E81A08235B429C46854200D1F6E004
:10258000944B034003D56246013B13430133DB0008
:102590005A58BA1A01D5904E9219D22601307600B7
:1025A000B242EADCEF2A00DCE1E0CB185D68A43E31
:1025B0002D1BFF3E3C21380004F0A8FC874B1A6815
:1025C000904212D0079A1860804BD200D7509B18C7
:1025D00007225C60079B013313407D4A1370069B02
:1025E000072B02D8784A013313707D4B1C60002EF4
:1025F00057D07C49002208787B4B042D00DCB9E0E1
:102600007A4D2A701A78012A00D978E101321A70BD
:10261000002846D1D3B2012B43D901230B70744952
:10262000634801F025FE3CE00121042003F08AFE0E
:102630000123237064E703005A1E93415B421C4050
:1026400003F0FAFB6B4BC01B984206D8FA2003F04C
:1026500029FC35005EE73400F2E7E123604A5B00C5
:102660001268534D9A420BD8631C09D06249280066
:1026700001F0E9FD0A222100280001F05AFE69E775
:102680005E49280001F0DFFD0A222100280001F048
:1026900027FE01245A49280001F0EAFDFFF764FDF6
:1026A0006442504E3578002D05D12900042003F0F6
:1026B00049FE424B1D70534B1A78534B1988534BAC
:1026C00018783378651C63D0039200220193089B2D
:1026D00005900491029200934D4A230080210AA89C
:1026E00008F062F8484A3F4E13884A4D0133138080
:1026F000099B002B00D199E02D4C4749200001F0A7
:10270000A2FD0AA9200001F0BDFD0AA808F0EAF820
:102710000024C3B200940AAA0221280000F0AAFCF7
:102720003A4B1C70347863425C4196236442DB0070
:102730001C4003F081FB07002D34FF3403F07CFBC9
:10274000C01BA04272D2280000F05EFF0028F5D026
:102750000022324B1A70DA79D209FCD10D230132F2
:102760002F49280001F01CFBFFF7CEFCE6E700250F
:102770002E001FE71A70002893D01C4803780133FD
:10278000DBB20370092B8CD90A700270254947E728
:10279000029200220490039101920093224A089B26
:1027A00080210AA808F000F89CE7C04605C7000091
:1027B000940900204C6B533B00007A44E102002056
:1027C0002FC7000044C70000E6020020A00200203E
:1027D000E502002007000080805101000000002079
:1027E00004000020E4020020E2020020E0020020B9
:1027F000C1C700000F27000048C7000086C70000BF
:10280000A9C700009E0200209C020020E3020020D5
:1028100000C80000F802002069C800000010004055
:10282000E8020020E1C7000034C80000280000F0E2
:102830005FFA33783C26002B00D0373EFFF712FDBD
:102840000690FFF791FCFFF70DFD069BC41A01D51A
:102850002E4BE418A64256DDFFF704FD341B082C6E
:1028600000DD0824A7B2C019284904F035FC002275
:102870000C00274B20001A703C2104F02DFCCBB239
:10288000E12120000901079304F026FC08003C2107
:1028900004F03CFBE121C3B209012000089304F0DD
:1028A00035FB1C4DC1B2079B089A280001F054FB70
:1028B0000321280001F0ECFAFFF7D4FC241A01D51B
:1028C000124BE418002C15DDBC4213DC0222124B23
:1028D0001248196891431960042104692143016178
:1028E000BFF34F8F30BF19680A431A60280001F008
:1028F000E3FAA6E70A490B4801F0BAFCF6E700281C
:1029000000D0CEE689E62BB0F0BDC0468051010074
:10291000210300202003002010E000E000ED00E093
:102920006EC8000094090020034B017083600023EF
:10293000437303734280704700093D0010B50400E3
:10294000C2688168034803F0C7FE2078002103F0C5
:10295000F9FC10BD1010002010B50078012103F023
:10296000F1FC024803F0D4FE10BDC0461010002058
:1029700070B50500FFF7E2FF0A4E9F21300003F01B
:10298000DBFE3000002103F0D7FE0002002184B2FC
:10299000300003F0D1FE0443A4B22800FFF7DCFFAF
:1029A000200070BD1010002070B50400FFF7C6FFB6
:1029B000074D0521280003F0BFFE0021280003F089
:1029C000BBFE05002000FFF7C7FF280070BDC04612
:1029D0001010002010B5FFF7E7FF0123184010BDCD
:1029E00070B504000D00002A06D000220621FFF772
:1029F000F7FF2000FFF7B0FFAB2D04D02000FFF75A
:102A0000E9FF0028FAD12000FFF798FF29000248CB
:102A100003F092FE70BDC04610100020F8B50022F1
:102A20004B210700FFF7DCFF0F4C0021200003F0D3
:102A300083FE0021200003F07FFE0021200003F030
:102A40007BFE0021200003F077FE002500212000FE
:102A500003F072FE054EA8550135082DF6D1380059
:102A6000FFF77AFF3000F8BD10100020220300208D
:102A7000F8B50C001700060001220221FFF7B0FF95
:102A80000B4D210C2800C9B203F056FE210A280084
:102A9000C9B203F051FEE1B2280003F04DFE390047
:102AA000280003F049FE3000FFF756FFF8BDC0468E
:102AB00010100020F0B585B0029280220C001D009D
:102AC000CBB200215200D31A01909BB20091039225
:102AD000002D30D02F1C9D4200D91F1C0122022145
:102AE0000198FFF77DFF154E210CC9B2300003F0AD
:102AF00023FE210AC9B2300003F01EFE3000E1B20D
:102B000003F01AFE0026BFB2029B009A0B489B18E6
:102B1000995D013603F010FEB3B29F42F4D80198DC
:102B2000FFF71AFF009BED1BDB199BB20093E41922
:102B3000ADB2039BCCE705B0F0BDC046101000203D
:102B400070B50C00060001225221FFF749FF094D24
:102B5000210C2800C9B203F0EFFD210A2800C9B2F8
:102B600003F0EAFDE1B2280003F0E6FD3000FFF7D4
:102B7000F3FE70BD1010002010B504000022B92132
:102B8000FFF72EFF2000FFF7E7FE10BD10B5040091
:102B90000022AB21FFF724FF2000FFF7DDFE10BD70
:102BA00070B501210400007803F09CFB154E002550
:102BB000300003F075FE092363723433A3722000E2
:102BC0002572E57225736573FFF7C6FE2000FFF7D7
:102BD000DDFF6388AB420DD1012220001100FFF719
:102BE000FFFE0021300003F0A7FD2000FFF7B4FE38
:102BF000012070BD2000FFF7BBFE63888342EBD04D
:102C00002800F6E7101000207047007B7047000096
:102C10000122054B10B51A70044B1B685B69002B31
:102C200000D0984710BDC0467403002078030020F0
:102C300010B50400C2698169006903F04DFD207977
:102C4000002103F07FFB10BD10B5040001210079C5
:102C500003F078FB206903F05BFD10BD10B503683D
:102C6000427B0C00DB69002A15D08A1C09DB142981
:102C70000FDCC9B20B2C07DCA11CC9B2984720009D
:102C800010BD02246442F7E704310F2CF5DDE11C8E
:102C9000F3E71424FBE70D2900DD0D214AB21232BF
:102CA00001DA024A11784CB21231E6E774C9000029
:102CB0000171012130B50A4C42710A4A083404609E
:102CC000002411701F22084D43738561039B074D3B
:102CD0004461286044770477C4720273036130BD95
:102CE00078C900006E03002000093D007803002031
:102CF00010B5036800215B6A984710BD036810B5E2
:102D0000DB680C00984700280BD0064B1B88A342B9
:102D100002D00020844204D1034B1878431E98410E
:102D2000C0B210BD700300202B030020F0B50500D9
:102D30000E00002487B003930CAB1B78029204931F
:102D40000DAB1B78059301222B6800925F68029AF5
:102D5000039B31002800B84703F06EF8070003F02A
:102D60006BF8059BC01B984207D231002800FFF783
:102D7000C5FF0028F3D007B0F0BD0134049BE4B2D6
:102D8000A342E0D20020F6E7036870B59B6A040016
:102D90000D0098477F212069294003F0CDFC0021D8
:102DA000206903F0C9FC050023682000DB6A98470E
:102DB000280070BD70B507210600FFF7E5FF082168
:102DC00004003000FFF7E0FF092105003000FFF7A5
:102DD000DBFF24042D022018401906F053FC0022CA
:102DE000024B05F009FE04F0D3F970BD80844E401B
:102DF000F0B585B01E000AAB1B780F0002930BAB39
:102E00001B7801920393036801215B6A04009847D1
:102E100027212000FFF7B8FF0306F9D5351C3D2E0A
:102E200000D93D25039BEDB28026002B03D1029EE5
:102E3000731E9E41B601FF2F03D90C22BB11134014
:102E40001E432389FF2B02D99B059B0F1E4323683A
:102E500020009B6A98478021206903F06DFCE91CE3
:102E6000C9B2206903F068FCF9B2206903F064FC80
:102E7000217A206903F060FC3100206903F05CFCDA
:102E8000019E7519AE4205D03178206903F054FCDB
:102E90000136F7E723682000DB6A9847236804219E
:102EA0005B6A20009847082528212000FFF76CFF67
:102EB0002842F9D0236801215B6A2000984705B0B9
:102EC000F0BD036870B59B6A160004000D009847BA
:102ED00080212069294303F02FFC3100206903F091
:102EE0002BFC23682000DB6A984770BD70B5194B36
:102EF00004001E780D00042E03D1036803215B6AD1
:102F00009847280006F0BEFB134B002205F06AF933
:102F100004F03EF90500020CD2B207212000FFF7B1
:102F2000D0FF2A0AD2B208212000FFF7CAFFEAB276
:102F300009212000FFF7C5FF032E04D123680221D9
:102F40005B6A20009847236831005B6A200098473D
:102F500070BDC0466E03002080844E4070B52E4E7A
:102F6000040033780D008B4220D004291ED80800BD
:102F7000012103F037FF433C2F1C03002000FFF723
:102F800003FF1C230C2298430243D2B201212000EC
:102F9000FFF797FF637B002B04D001212368DB6BD5
:102FA000200098473378002B2ED0357070BD20005C
:102FB000FFF7EAFE1C23102298430243D2B20121FC
:102FC0002000FFF77EFF637B002BEBD023680021FE
:102FD000DB6BE5E72000FFF7D7FE1C2308229843B0
:102FE0000243D2B201212000FFF76BFFDAE7200095
:102FF000FFF7CAFE1C2304229843F1E72000FFF7E5
:10300000C3FEE3220240EDE727212000FFF7BCFECC
:103010000306C7D5C9E7C0466E03002070B5437BE1
:103020000500002B1DD0172903D917210173083182
:1030300014E001730F290ED840261031CCB22B6852
:103040000121DB6B28009847220028003243112120
:10305000FFF737FF70BD1329E9D80A31CCB26026DB
:10306000EDE70B1C1F2900D91F23DCB22B73802630
:10307000EAE70000F0B585B002930AAB1B780D00BB
:103080003D21039304001600FFF77EFE0422024355
:10309000D2B23D212000FFF714FF02F0CDFE070061
:1030A000236820001B68984700280AD102F0C4FE5C
:1030B0000A4BC01B984204D823682000DB6898475D
:1030C000EEE700220192039A236800925F6B3200C0
:1030D000029B29002000B84705B0F0BDE7030000BF
:1030E000F0B587B0059200221C4B1D4E1A701D4B87
:1030F000049100229B5E3D21039304003588FFF775
:1031000043FE04220243D2B23D212000FFF7D9FE44
:1031100002F092FE0700236820001B6898470028F1
:103120000AD102F089FE104BC01B984204D82368D4
:103130002000DB689847EEE70122358001920022EB
:10314000236800925E6B049A059B29002000B0471B
:103150006A46044B92891A8007B0F0BD2C03002008
:10316000700300206C030020E70300000023154AD1
:1031700070B51370144A28211380144A0400138078
:10318000134A04251370134A1370134A1370134A19
:103190001380FFF7F9FD284209D03D212000FFF7F9
:1031A000F3FD0543EAB23D212000FFF78AFE4022ED
:1031B00020002521FFF785FE236803215B6A20009C
:1031C000984770BD6F030020700300207203002039
:1031D0002A0300202C0300202B0300206C03002076
:1031E00070B50D00036801215B6A04002E0098474A
:1031F000002D19D000262B78B34215D0236820006B
:103200009B6A98472E00BE21206903F095FA10367C
:1032100029782069013503F08FFAB542F8D1236887
:103220002000DB6A984701263D212000FFF7ACFD16
:10323000012302009A433243D2B23D212000FFF71E
:1032400040FE70BDF0B58FB001921E0043790400BE
:103250000D008371FF2B02D100200FB0F0BD02AB37
:103260009F1C2C220021380006F0FAFB6A4B02AAB0
:10327000138002239370694B0393694B04930723D4
:1032800013730133937301331374664B5382664B8C
:103290009382664BD382664B1383664B5383664B94
:1032A0009383664BD383130030220133DA77644B68
:1032B00002AA5384634B9384634BD384634B13857B
:1032C000634B5385FF220DAB1A704E231F2D06D082
:1032D0001E332B2D03D06D33562D00D00B3302AA95
:1032E0005373C0231F2D06D0463B2B2D03D0002344
:1032F000562D00D0C03302AAD373E1232B2D00D06A
:10330000002302AA5374FE772079012103F01AF8F2
:103310002079012102F0E6FF2369002B01D14D4BFA
:103320002361206903F0BCFA12220023627668321E
:103330002376A276E3762377637702F07DFD2F274D
:10334000050039002000AA22FFF7BBFD390020004C
:10335000FFF71AFDAA2804D002F06EFD401B3128A9
:10336000EFD902F069FD451B312D00D974E702F059
:1033700063FD2F270500390020005522FFF7A1FD2E
:1033800039002000FFF700FD552804D002F054FD5D
:10339000401B3128EFD902F04FFD451B312D00D9DC
:1033A0005AE700256B0002AAD15CFF2907D09B18C1
:1033B0005A7820000135FFF784FDEDB2F2E70021D5
:1033C0002000FFF70DFF2368617B5B6920009847B1
:1033D000236801215B6A2000984702F02DFD05005B
:1033E00027212000FFF7D0FC030604D402F024FDBF
:1033F000401B3128F4D902F01FFD401B312800D9B1
:103400002AE7A0790422144902F0ECFB6B469B8862
:10341000A6722381012020E701040000030204407A
:10342000050306331942000025400000260700006E
:103430002810000029DCFFFF2E88FFFF2F2D000041
:103440003790FFFF384200003C8FFFFF3D10000027
:103450006F30000010100020112C000070B5040027
:1034600000290AD001222321FFF72BFD0225232169
:103470002000FFF789FC2842F9D024212000FFF723
:1034800083FC404200B2401070BD000010B50B4BF1
:1034900004001B78032B01D0002010BD084B1978C5
:1034A0000029F9D1FFF7DAFF5A30F5DA2368200056
:1034B0005B6A012198470120EFE7C0466E030020B8
:1034C0002A030020F7B5474B04001B78032B00D0DC
:1034D00081E02821FFF758FC430700D47BE02368F4
:1034E00001215B6A20009847236820009B6A984767
:1034F0000021206903F020F90021206903F01CF964
:10350000394D031C422800D94223002120692B7029
:1035100003F012F9354F00213880206903F00CF9CF
:10352000334E00213080206903F006F90100830149
:10353000C0203A888000034013430A0202403088CA
:103540003B8002433280E27A002A04D122899A42E7
:1035500001D0002B02D12B78022B0AD800232B702C
:1035600023682000DB6A9847236820009B6B9847FC
:10357000F7BD204F033B226808003B707F23984330
:103580001D4B0025187040231C480B400370237B03
:1035900020000193136B98473B78194EAB4207D933
:1035A0000021206903F0C8F870550135EDB2F3E74A
:1035B0000022F25423682000DB6A98472368032125
:1035C0005B6A20009847217B019B994203D02368C6
:1035D0002000DB69984700212000FFF73FFF094BDF
:1035E0001880C5E76E0300202A0300207203002024
:1035F000700300206F0300202B0300202C03002009
:103600002D0300206C0300200F4B10B51A78040026
:10361000002A03D000221A70FFF754FF0B4B1B78CF
:10362000032B0BD100200A4B1B78834205D0236863
:1036300020005B6A01219847012010BD236820000B
:103640009B6B98470020F8E7740300206E0300206E
:103650002A03002010B50F2204004173002900D175
:103660000B3220001321FFF72CFC2368217BDB6940
:103670002000984710BD70B5437B04000D00002B5F
:1036800013D0037B132B10D95522002900D0083208
:103690005A212000FFF715FC7C22002D00D10C3AA6
:1036A0005C212000FFF70DFC70BD00255522EFE7DF
:1036B000F0B504000D00002789B005930EAB1B7810
:1036C000049206930FAB1B780793012223680092A4
:1036D0005E68049A059B29002000B04702F0ACFB0D
:1036E000637B03901726002B00D1083602F0A4FB61
:1036F000039BC01A079B984207D229002000FFF7BE
:10370000FDFA0028F2D009B0F0BD217BB14207D20A
:10371000E31CDB7F2000C9182368C9B2DB69984726
:103720000137069BFFB2BB42CFD20020EBE700007F
:10373000202370B5194A19401278194B04001970EA
:10374000002A22D01B78002B1FD0164D2B78002B7F
:103750001BD00021006902F0EFFF2B784042013BB3
:103760002B702022A35E00B2A084002B0DD0617BC1
:103770001722002900D10832984207DA237B9342AE
:1037800003D2E21CD27F9B18237370BD9842FCDDEC
:10379000237B002BF9D0013BF6E7C0462B0300202A
:1037A0007C0300206F03002070B50024044D0484C6
:1037B0002C7001258484C41CE577FFF743FD70BDA0
:1037C0007C030020F0B585B01D000AAB1B78019288
:1037D00002930BAB1B780E0000930CAB1F780DAB64
:1037E00000229B5E01210393036804005B6A9847F3
:1037F00027212000FFF7C8FA0306F9D50023009A15
:103800009A4200D03B005B19DBB21D1C3D2B00D956
:103810003D25236820009B6A9847EDB280212069EE
:1038200002F08AFFE91CC9B2206902F085FFF1B2FB
:10383000206902F081FF217A206902F07DFF0021DA
:10384000FF2E02D9B6110C3131402389FF2B02D94A
:103850009B059B0F1943009B2069002B20D03B0048
:1038600080265A1E934176425B0131431943C9B207
:1038700002F062FF002F09D0039B2069DA17991824
:103880005140C9B202F058FF013DEDB2019E7519D9
:10389000B54212D03178206902F04EFF0136F7E7C9
:1038A000029B002B06D02022A35E4026002B00D0D6
:1038B0002036314302F040FFE8E723682000DB6A4E
:1038C0009847236804215B6A20009847082528212F
:1038D0002000FFF759FA2842F9D0236801215B6ADA
:1038E0002000984705B0F0BDF0B589B007920022DE
:1038F0001F4B204E1A70204B06910027DF5F1F4B95
:103900003D211B7804005A1E9341DBB20493358895
:10391000FFF73AFA04220243D2B23D212000FFF71A
:10392000D0FA02F089FA0590236820001B689847B6
:1039300000280BD102F080FA059BC01A104B984268
:1039400004D823682000DB689847EDE7049B3580A6
:10395000029301230193002303970093069A079B88
:1039600029002000FFF72EFF034B1F8009B0F0BD98
:103970002C030020700300206C0300207C03002037
:10398000E70300007FB508AC257809AC2678002451
:103990000196009503940294FFF714FF7FBD018404
:1039A00070470000002210B5024B1A70FFF7DEFBD3
:1039B00010BDC0467C030020F8B505000F00002AAA
:1039C00015D000240800FFF7E1F826003800FEF7C4
:1039D000CFFF114A431E9BB2934210D8002C01D056
:1039E000B0420CD10134E4B206000A2CEED12B68AF
:1039F00028001B6906220949984701200AE02B6824
:103A00000F221B690649280098470649064800F01E
:103A10002FFC0020F8BDC046FDFF00002ACA0000B0
:103A200008CA000018CA000094090020F7B5040075
:103A300030260F2743180193019B0E4DA34214D04B
:103A400023781B113343D9B2392B00DD073128000D
:103A500000F001FC217839403143392900D9073180
:103A6000280000F0F8FB0134E6E7280000F0F8FB3E
:103A7000F7BDC04694090020F0B517008DB0029341
:103A800012AB1B7807910600002110000593FFF789
:103A900057F80723874A00213800FFF70BF83A222E
:103AA0000A213800FEF7E4FF02F0C6F90121069072
:103AB000059802F017FC0B2301930023039333684E
:103AC0003000DB689847002800D18AE07A4B079ADB
:103AD0001B88934200D084E0784B01211B78059825
:103AE000009302F02FFC009B032B76D9744B1A78BD
:103AF000462A72D15A784C2A6FD19A78582A6CD1BA
:103B0000DA783A2A56D1009A062A53D90422002498
:103B10000493049BD5B2995C30235B429C468C4451
:103B20006346681EC0B2092B08D80A235C43303CA8
:103B30006418A4B20132082AEBD105E03A29F9D180
:103B4000042D00D192E00500029B002B10D05D49AE
:103B50005D4800F078FB0A2200995B4800F0FFFB0B
:103B60005A49594800F06FFB00995548FFF75EFF2E
:103B70006B1C534ADBB2D35C3A2B77D102F05CF971
:103B8000039B06909C4235D0013BA34212D12200F8
:103B90004F4908A806F03AFE029B0400002B03D010
:103BA00008A9494800F06EFB3368E2B21B6908A916
:103BB00030009847424BDA783F2A0ED1009A042A07
:103BC00035D1033A39003000FFF7F6FE029B002B97
:103BD00003D040493C4800F04BFB0021059802F01F
:103BE000B1FB02F029F9069BC01A3B4B984200D862
:103BF00065E73BE0631C9BB202350393EDB2009A8C
:103C0000EBB29A42C3D9019B0199013304932C4B27
:103C100038005A5DFEF72CFF049B5B0403D1049926
:103C20003800FEF78DFF049B01350193E7E7009A0A
:103C3000072AD2D11A79452ACFD15A794F2ACCD125
:103C40009B79462BC9D1F822019B92020A3B9342F1
:103C50000ED9029B002B03D020491B4800F008FB23
:103C6000336810221B691E493000984700201FE06E
:103C7000002239003000FFF79FFE029B002B03D08B
:103C80001849114800F0F4FA019C07210B3C220C62
:103C9000D2B23800FEF7ECFE220AD2B20821380078
:103CA000FEF7E6FE3800E2B20921FEF7E1FE012050
:103CB0000DB0F0BD80CA0000700300206F0300202B
:103CC0002D03002088CA00009409002090CA00003B
:103CD00095CA00009FCA0000B80B0000ADCA0000E2
:103CE000C3CA00002ACA0000F0B5170085B01E0044
:103CF0000AAB1B7802910122390004000393FFF7FD
:103D00005BFE051E3CD0002E11D01F4D1F49280020
:103D100000F0AEFA1E49280000F095FA2000FFF7E7
:103D200049F81C4B0A22C118280000F01CFB200097
:103D3000FFF740F8174BC1182000FFF7D7F8039B97
:103D40003A000093029933002000FFF795FE05002A
:103D5000002E0DD00C4E1049300000F074FA2000F7
:103D6000FFF728F80D4B0A22C118300000F0FBFACB
:103D70002000FFF71FF8094BC1182000FFF7B6F825
:103D8000280005B0F0BDC04694090020D4CA000048
:103D9000E8CA000040420F00E6CA0000C0BDF0FFC4
:103DA00073B51400254A0E001578032D20D9244A36
:103DB000117846291CD151784C2919D1917858296C
:103DC00016D1D1783F2913D11E490988072D10D16A
:103DD0001579452D0DD155794F2D0AD19279462A65
:103DE00007D10022036800925C68174A0623A047A7
:103DF00073BD009332002300FFF776FF002811D037
:103E0000002C03D01149124800F01DFA114B124A40
:103E10001A60BFF34F8F114B114ADA60BFF34F8F17
:103E2000C046FDE7002CE3D0094C0E49200000F00D
:103E30000EFA0D49200000F01BFAD9E76F030020AD
:103E40002D030020700300202ACA000031CA0000A0
:103E500094090020FC7F0020AF07A5F100ED00E0F1
:103E60000400FA0552CA00007BCA00000023037058
:103E700070470000044B10B51B68002B00D098471A
:103E80000122024B1A7210BD800300200014004072
:103E9000037810B5002B0BD00724064B21401A7F66
:103EA0000800A2431100014319779A7AD209FCD184
:103EB00010BDC046001400400378002B07D0072136
:103EC000034B1A7F8A431A779A7AD209FCD170473A
:103ED00000140040014B19607047C0468003002069
:103EE000037810B5002B0BD03F24064B21409A6974
:103EF0000800A2431100014399619A7AD209FCD1CA
:103F000010BDC046001400400378002B0BD03F20AA
:103F1000054B08409A6905498001114001439961A8
:103F20009A7AD209FCD17047001400403FF0FFFF9D
:103F30000378002B0BD01F20054B08409A690549D8
:103F400000031140014399619A7AD209FCD170476C
:103F500000140040FF0FFEFF70B516000278040049
:103F60000D00002A0AD01900FFF7BAFF3100200027
:103F7000FFF7CAFF29002000FFF7DAFF70BD00003D
:103F8000094B0A4A9A605A7852B2002AFBDB084A67
:103F90005A605A7852B2002AFBDB064A5A805A7895
:103FA000D209FCD17047C046000C0040020400005A
:103FB00002051100044200000378002B05D0034BDA
:103FC000034A5A809A7AD209FCD170470014004003
:103FD0000080FFFF10B5FFF7EFFF024B1869800666
:103FE000800E10BD0014004010B5FFF7E5FF024B36
:103FF00018690005800E10BD0014004010B5FFF7D1
:10400000DBFF024B1869C003C00E10BD0014004056
:104010000221044B1A888A431A809A7AD209FCD169
:104020007047C046001400400222044B19880A431E
:104030001A809A7AD209FCD17047C0460014004019
:104040000122044B19880A431A809A7AD209FCD1BA
:104050007047C046001400400121044B1A888A436F
:104060001A809A7AD209FCD17047C04600140040E9
:104070002023F7B500262A4A0F00916905000B435B
:104080009361284B284A294C9A82B7420BD1284B7E
:104090003E001A7870231A4205D023881B0702D5E8
:1040A0000126236901932800FFF76AFF2800FFF724
:1040B000AFFF2800FFF7C4FF63881E4A13406380E8
:1040C0001D4B2380A37ADB09FCD1C0211B4A083396
:1040D0001360890053581B021B0A53500123E279D5
:1040E00013430722E371237F93432377A37ADB09EA
:1040F000FCD12800FFF798FF2800FFF7ADFF002F45
:104100000BD1002E09D0019B002B06D02361A37A8E
:10411000DB09FCD101332B70F7BD8423DB03F5E70A
:104120000004004000080040CE06000000140040DB
:1041300038040040FFBFFFFF080A000000E100E074
:1041400010B5024801F058FC10BDC04680060020A2
:1041500010B5024801F050FC10BDC0468403002099
:10416000F7B501240326154F1549380000F005F96D
:104170001449154800F001F91449154800F0FDF8FC
:104180001449154800F0F9F81449154800F0F5F8FD
:10419000144D1549280000F0F0F83900009623006E
:1041A00001940022114801F0BBFB00962900019404
:1041B0001E231F220E4801F0B3FBF7BD7C0900202F
:1041C00000080042000C004280090020001000425C
:1041D00084090020001400428809002000180042D1
:1041E0008C09002090090020001C0042800600205D
:1041F00084030020F7B506000D000C008B18019316
:10420000019B671B9C4207D0336821781B683000F4
:10421000984701340028F3D13800FEBD70B5040082
:1042200008000D0006F05EFB2368020029005B68B1
:104230002000984770BD10B50B1E02D0FFF7EEFFAF
:104240000300180010BD10B5FFF7F5FF10BD10B545
:10425000FFF7F1FF10BD10B503681B68984710BD4C
:1042600010B50249FFF7DAFF10BDC04680CF00004D
:1042700070B50400FFF7DFFF05002000FFF7F0FF37
:10428000401970BD70B50400FFF7D5FF0500200090
:10429000FFF7E6FF401970BDF0B58BB06B46150017
:1042A000002205330600DA770800012D00D80A2520
:1042B00009AC290002F026FECAB21300373307000A
:1042C000DBB2092902D813003033DBB2013C237082
:1042D000002FEED121003000FFF7ADFF0BB0F0BD95
:1042E000F8B506000C00151E04D10368C9B21B689E
:1042F0009847F8BD0A2A0CD100290BDA2D21FFF7C7
:10430000AAFF614207002A003000FFF7C5FF3818F6
:10431000EFE7D2B221003000FFF7BEFFE9E770B54A
:104320000400FFF7DDFF05002000FFF799FF4019AB
:1043300070BD70B50500FFF7D3FF04002800FFF73C
:104340008FFF201870BD10B5002A04D10368C9B2D0
:104350001B68984710BDD2B2FFF79EFFFAE710B571
:10436000FFF7F1FF10BD70B50500FFF7ECFF04008B
:104370002800FFF775FF201870BD01607047944654
:10438000F0B59E1E721E96416246056892072F6820
:1043900036063A4332432A60072505AC2478006884
:1043A000A4012940214342680024022B00D05C0371
:1043B000114321434160F0BD30B5C0250368AD0312
:1043C0001C6812052A402243C0240904A40221408B
:1043D0001143196003685A6814435C6030BD0123BF
:1043E000026811680B43136003681A68D207FCD493
:1043F000DA69D207F9D470470223026811680B43C7
:1044000013600268D3699B07FCD4704703681A7E67
:10441000D20702D41A7E9207FCD5704700220368A7
:104420005A8370470368187E4007C00F70470368BF
:10443000187EC0097047802302685B42117E0B43DF
:10444000137670470368588B8007C00F70470223AC
:104450000268518B0B43538370470368187EC00773
:10446000C00F70470368188DC0B2704703681A7E8A
:10447000D207FCD589B20120198570470122036853
:104480009A757047012203681A7570470123026804
:1044900011680B43136003681A68D207FCD4DA6909
:1044A000D207F9D470470223026811680B431360E6
:1044B0000268D3699B07FCD470470368DA699207E6
:1044C000FCD402211A688A431A6070470268936A12
:1044D0005B0A5B021943916203681A7E5207FCD59E
:1044E000986AC0B27047000010B54900044802F055
:1044F00083FC80B2002801D0013880B2C0B210BD68
:10450000006CDC0270B54B080C00012105680B4003
:104510000C402E6824075B07234333432B601100B4
:104520000468FFF7E1FF207370BD00000368104AC4
:10453000934213D00F4A934212D00F4A934211D0A4
:104540000E4A934210D00E4A93420FD001200D4ADA
:104550004042934201D1063040B270470020FBE751
:104560000120F9E70220F7E70320F5E70420F3E74D
:1045700000080042000C00420010004200140042FB
:1045800000180042001C0042F8B5FFF7CFFF0028DA
:104590002EDBC3001C481F22C01805230579C35613
:1045A00001201A4090400326C022184952001E40A4
:1045B000F6008850813AB240C024D243B440002B68
:1045C00017DA0F263340083B114E9B089B009B19BE
:1045D000DE6932401443DC613F231D408023DB0150
:1045E0001D430C4B08605D805A7852B2002AFBDBF9
:1045F000F8BD064E9B089B009B19C026B6009F592C
:104600003A4014439C51E7E784CF000000E100E00A
:1046100000ED00E0000C0040F8B504000F001600AB
:104620001D00FFF7B1FF2000FFF7D9FE1C21BB00E2
:104630000B4071072268090C0B4313608423226826
:104640009375012F1AD11021012E00D008390C4B7F
:1046500069431868C00002F0CFFB072221680240BE
:104660008B895203DB04DB0C13438B812268030428
:104670009089DB0C400B400318439081F8BDC04685
:1046800084000020F7B50500019308AB1F780E00E9
:104690001400FFF7FBFE2800FFF776FFC022240579
:1046A00092031440BA070C2717433C43C027072244
:1046B0003604BF022B683E4026431E60019B2968DA
:1046C00013401A0080239B0213434B602A68D3696E
:1046D0005B07FCD4F7BD3F20704713B56B460268FB
:1046E000D9710733546819000122A04716BD10B5CF
:1046F0000221006900F03AFC10BD10B503210069E9
:1047000000F04AFC10BD000010B51300084A040078
:10471000D279002A03D101230020636010BD0A0072
:104720000069032100F030FD0028F4D0F6E7C04610
:104730000C00002010B5054C23685A1C04D10368F6
:104740005B69984703002060180010BD58000020E6
:10475000074B0200186810B5411C03D001225242D9
:104760001A6010BD0221106900F000FDF9E7C04693
:104770005800002010B5037842220233037002492A
:10478000024800F0ADFD10BD14000020B00900206B
:1047900010B50178020043780020A12908D1212B0F
:1047A00005D107221649174800F09AFD012010BDD7
:1047B0002129FCD1202B13D107221149114800F0E7
:1047C0002FFC96220E4BD200196891420ED1012483
:1047D000D87904400AD1FA2001F042FE0020E6E731
:1047E000222B06D19278064BDA71EAE701F03EFE01
:1047F000F4E7232BDBD15288034B1A60D7E7C0467E
:104800000C000020B00900200800002070470000C4
:10481000FA220021054B92009A60054A596008323D
:104820001A60044A19761A617047C046940900203C
:10483000B4CF0000B0090020704770B50F26CB1D23
:10484000013902003240D5B22C0000093034092A67
:1048500000DD07341C70013B8B42F2D170BD10B5F6
:104860000400806905F0C4F8A06A05F0C1F82000D2
:1048700010BD10B50400FFF7F2FF200001F05EFB51
:10488000200010BD70B5032908D1324B8000C058FC
:10489000002802D00368DB68984770BD82291FD1C9
:1048A000C3B22D4D5A01AA1891692C4C80010C40BD
:1048B000C02189052143916129490833401880218D
:1048C00050612A685B01D018047949422143017183
:1048D0007020995C81430800302101439954DCE742
:1048E0000029DAD1C024C1B21B4E4A01B218936824
:1048F0001A4DA4052B40234393601A4B8001C01826
:104900000B0050603068072608335B01195CB14327
:104910000E0001213143195491690D402C439461DB
:1049200070240F495161195CA1430C0010212143EF
:10493000195491680C4CC3180C4080214903214341
:1049400091609168890B89039160402259790A43EB
:104950005A71A2E7B4090020680E0020FFFFFF8F04
:10496000DC0900209C0B0020FF3F00F0EFF31083D8
:1049700003600123436072B670470368002B02D1C5
:1049800062B6BFF36F8F704737B50569040068469C
:10499000002D14D1FFF7EAFF019B621D013B02D3FA
:1049A000D57FEDB2FAE768460193FFF7E6FF002DE9
:1049B00001D100203EBD206AE369C01AFAE7FFF783
:1049C000D5FF22000025019B3432013B02D315782C
:1049D000EDB2FAE768460193FFF7CFFF002DE8D06C
:1049E000206BE36AE9E70000FF2130B54368164D0C
:1049F0001A6883680B405B01D21801235218947A1D
:104A000023439372836842680B405B01D418C268E9
:104A1000A36892042B4012091343A3608368426881
:104A20000B405B01D3189A68920B92039A6043681B
:104A30001A6883680B4008335B01D3184022197948
:104A40000A431A7130BDC046FF3F00F0F7B5036955
:104A500004000E0017006846002B45D1FFF786FFC3
:104A6000019B611D013B5A1C0CD0CD7F5A1EEDB23B
:104A7000002D05D168460193FFF77FFF2800FEBD9A
:104A80001300F0E7684601930025FFF776FFE3691E
:104A9000AF420AD0226A9A4207D95A1CE261A2693F
:104AA000D3181B7873550135F1E7226A9A42E5D194
:104AB0000023E361013323616846FFF757FF2200BB
:104AC0000021019B671D013B3532581CD2D0F9777C
:104AD00010785E1E002805D0117020000193FFF7AA
:104AE00083FFECE73300F0E7FFF740FF2100019B75
:104AF0003431013B5A1C06D00D785A1EEDB2002D00
:104B0000B8D01300F6E7684601930025FFF735FF9C
:104B1000E36ABD4202D0226B9A421CD8226B9A42B1
:104B2000ACD100236846E3622361FFF71FFF270033
:104B300022000021019B3437013B3532581C99D0AB
:104B4000397010785E1E00280DD01170200001937E
:104B5000FFF74AFFEBE75A1CE262A26AD3181B7800
:104B600073550135D4E73300E8E7F7B5FF218268D4
:104B700043680A401B68083252019A18D37904002E
:104B8000DB072AD50125D571836842680B405B019C
:104B9000D3189A6840699204920C002821D12262AD
:104BA000226A002A3ED0A26A656168465A60FFF711
:104BB000DDFE27002100019B661D013B34373531A6
:104BC0005A1C2BD0F5773A78581ED2B2002A05D05D
:104BD000019368460D70FFF7D0FEF7BD0A70030021
:104BE000EEE72263226B002A1CD000226261A269D8
:104BF00068465A60FFF7BAFE26002100019B343652
:104C0000013B671D35315A1C08D03570FA7F581E9C
:104C1000D2B2002ADCD10A700300F4E7684601939F
:104C2000FFF7ABFE2000FFF7DFFED6E737B56B4698
:104C3000DC1D00230D0020002370FFF79BFD2B6877
:104C40001818286001F08AFC210001F053FC2B6841
:104C50001818286020783EBD03290ED180220E4B03
:104C600062311B68FF31585C524202435A54682239
:104C70006339FF32FF39995470470129FCD18022F2
:104C8000054B24311B68FF31585C524202435A5491
:104C900028222339FF32EDE7680E002070B5002589
:104CA000304B012104001A201D7001F01BFB012173
:104CB0001A2001F047FB2C4B012119201D7001F037
:104CC00011FB0121192001F03DFB2023274A0F2071
:104CD000D1690B43D361012225490B7813430B7033
:104CE000244B19788143197006211D7829431970C6
:104CF00021490D782A430A701A7802401A706022FE
:104D000019780A431A701D4B1D4A5A805A78D209E5
:104D1000FCD11C4801F08AF81B4D280001F030FC42
:104D2000280001F045FC7F212A68C120137880000B
:104D30000B40137004232A6811780B430C21137065
:104D40002A6813898B43114913810B581B021B0AD4
:104D50000B5080230B6011787E3B0B4313700123B3
:104D6000237070BDD1090020D0090020000400404C
:104D7000584400413C44004159440041000C00406B
:104D80000640000055570000680E002000E100E0DA
:104D90000078002810D00121084B1B681A898A432B
:104DA0001A810822198B0A431A830422198B0A4399
:104DB0001A830022024B1A607047C046680E00201A
:104DC000600E002010B50F4A93699B0B9B03936103
:104DD00013680222FF331A729879823A02439A7159
:104DE0001A7A9207FCD57F24074A2140937A08005B
:104DF000A3431900802301439172917A5B420B43D4
:104E0000937210BD680E00200050004110B50B7960
:104E10000C00002B0CD10800FFF7BAFC002801D0D1
:104E2000012010BD094A93699B0B9B039361F7E72F
:104E300001F094FB210001F081FB0028F0D1034A2E
:104E400093699B0B9B039361EBE7C046680E0020C0
:104E5000F8B50D00832A19D1CBB2364C5A01A218ED
:104E600091693548AD010840C02189050143916130
:104E7000324920686D187021083355615B011A5C56
:104E80008A43110040220A431A54F8BD022A4CD129
:104E90002B4A8B009858002802D003685B6998471A
:104EA000382001F047F8274B802703600023214E6C
:104EB0007F00421D036203614361C36146608560F8
:104EC000C760D3772F320400C362036313703800C6
:104ED000537004F083FDA061380004F07FFD2A00C8
:104EE000A062FF200240510171188B68124FAD0083
:104EF0001F40C0239B053B438B601300316807268E
:104F000008335B015A5CB2431600032232435A5401
:104F1000A368626803405B01D318A26920005A604D
:104F2000FFF762FD064B5C51AFE711002800FFF769
:104F3000A9FCAAE7680E0020FFFFFF8FDC09002014
:104F4000B4090020E0CF000070B505000124064B35
:104F5000A200D258002A05D021002800FFF778FFD0
:104F60000134F4E770BDC0465C000020084B8A00A5
:104F7000D05810B5002803D003689B68984710BD2F
:104F8000C9B2044B4901591888688004800CF6E7BF
:104F9000B4090020680E002010B50C00FFF7E6FFF2
:104FA00000280CD0064BE4B21B68083464011C19BD
:104FB000802362795B42134363710223E37110BD66
:104FC000680E002070B5CBB2124A13485C0189010B
:104FD0008918021951609168104D08330D408021E5
:104FE00089022943402591609168890B890391606A
:104FF00001685A018A1816793543157195796D063D
:10500000FCD55B01C918CB79DB07FCD5001980689A
:10501000C0B270BD9C0B0020680E0020FF3F00F066
:1050200070B5140040220B4B0D001B68FF335979FB
:105030000A435A710021FFF7C5FFA04200D92000A2
:1050400000230549A34203D0CA5CEA540133F9E7BF
:1050500070BDC046680E00209C0B002010B5C9B280
:105060000B484901421893689B049B0C3F2B0BD9BA
:105070009468403B9B04A40B9B0CA40323439360C4
:1050800041188868C0B210BD93689B0B9B03F6E77C
:10509000680E0020F0B51C002F4B85B01B68060081
:1050A0000D000192002B54D02C4F3978C9B2002941
:1050B00002D1192001F046F964233B70284BAA0065
:1050C000D058002808D0036822005B6801999847EF
:1050D0000400200005B0F0BD29003000FFF746FFB6
:1050E000844204D929003000FFF740FF0400290062
:1050F0003000FFF7B3FF0121EBB21A4F03935B01BE
:105100000293029A3B6801989B18FF335A7A0A432C
:105110005A72154BA901C918220004F085FC002C15
:10512000D7D029003000FFF721FF0028D1D140213E
:10513000039B3A6808335B01D3181879014319714E
:105140000121D971029BD318FF339A7A0A439A72CC
:10515000BFE701246442BCE7600E0020D0090020B4
:10516000B4090020680E00209C0B002013B56B468C
:10517000DC1D22000123FFF78DFF012801D12078DB
:1051800016BD01204042FBE7F0B51E003A4B85B04A
:105190001B680F000192002B3FD08023DB019E4251
:1051A0003BD8364C2178C9B2002902D11A2001F02F
:1051B000C9F8642300252370314BBA01D318029338
:1051C000002E2CD02F4B1B680393FF233B401C0069
:1051D00000930834039B64011C19A379DB0921D0D7
:1051E000294B2A49186801F007FE294B172158431B
:1051F00001F002FE274BE279920713D4DA5D002A10
:1052000001D10138F7D20122DA55009B5A011D4B1A
:105210009B189A69920B92039A6101256D422800AE
:1052200005B0F0BD00221B4B3400DA55402E00D9EA
:10523000402422000199029804F0F6FB009BA1048F
:105240005A01104B890C9B18029A2D195A619A69C0
:10525000361B920B92030A439A61009B039A083310
:105260005B01D3180222DA715979823A0A435A71E2
:10527000019B1B190193A3E7600E0020D1090020B8
:10528000DC090020680E00208400002040420F004E
:1052900070110100D309002070B50D001C000D4BEA
:1052A000AE01F61811003000220004F0BDFBEDB293
:1052B00009496D014D196E61AB69084A2000134020
:1052C000AB61AB69A2049B0B920C9B031343AB61D4
:1052D00070BDC046DC090020680E0020FF3F00F0D2
:1052E000F7B5104B01901B780F001500002B0CD167
:1052F0000D4B16001C78002C09D00C4E0C4834883D
:105300002018641904F090FB34802800FEBD002EA4
:10531000FBD03A19330000210198FFF7BDFF241894
:10532000361AF4E75C0D00205D0E00205E0E0020B2
:105330005D0D0020F8B5002000AF0E001500012A19
:1053400027D9D31D6A46DB08DB00D31A9D46080027
:1053500005F0C8FA6C460323022200210130400008
:1053600020706370AA420DD2307800280AD0531CF6
:10537000DBB20136A0549D4203D00232E154D2B2D6
:10538000F0E72A0021000448FFF7AAFF431E9841D6
:10539000C0B2BD46F8BDC046B0090020F0B500243B
:1053A000012685B0184B0F0069461E700500009459
:1053B000FFF73CFC154B01A90B806A3BFF3BCB710F
:1053C0006E3B0B72009B8C7109334B800E4B4E7100
:1053D00008711C703A00092F0FD00D4F09223E7042
:1053E0000C4E280000943480FFF77AFF69462800AD
:1053F000FFF71CFC328808493C702800FFF770FF5B
:10540000012005B0F0BDC0465C0D0020090200007F
:105410005D0E00205E0E00205D0D0020F0B5CF78FF
:1054200093B005000E00022F09D1C9882B48FFF761
:10543000B5FF441EA041C4B2200013B0F0BD01F07E
:105440008DF8310001F06AF8002803D0C417241A3F
:10545000E40FF1E7012F0BD1F2882149112A11D86D
:10546000D2B2002A0ED02800FFF73AFF0124E3E76A
:105470000400032FE0D1B378002B05D1F28819493D
:10548000032AEDD90A78EEE7022B06D1B279164944
:105490002800FFF74FFF0400CEE7012B02D1B279BD
:1054A0001249F5E7032BC7D1114B01A91868FFF783
:1054B000C4F9104B03A91868FFF7BFF90E4B05A9F3
:1054C0001868FFF7BAF90D4B07A91868FFF7B5F987
:1054D0006B460533DC77B27901A9D9E7B009002022
:1054E00020D0000010D00000F8CF000014D0000041
:1054F0000CA0800040A0800044A0800048A0800054
:1055000037B5050048780C000B2810D801F06AFC6C
:10551000061B0F2B0F41466E4A4D676A097801AA98
:10552000002906D1022311802800FFF7B5FE0120D3
:105530003EBD002313802E4B1B78012B00D113702E
:1055400002230021F0E78A780023012A03D101AA6F
:105550001380284BF0E7264A1370274A93699B0B68
:105560009B039361E3E78C78012C06D10021214B4A
:1055700001AA1C7011702300D6E700208442D7D105
:105580001B4B01301C4A187093699B0B9B03936162
:10559000CEE789782800FFF715FCC8E72800FFF759
:1055A0003DFFC5E70123154ACBE70B780020DB065A
:1055B000BED12800FFF7C8FC2A200221A2780F4B99
:1055C000FF301A600C4A13681C5C21434A241954AA
:1055D000FF34195D2938FF3801431955D4E70123F9
:1055E000074AAEE78A78064B1A60B6E700209FE7C5
:1055F000D2090020DA090020680E0020600E002089
:10560000640E00204B4BF7B51C780700002C00D02F
:1056100083E0494E33689B8B1B070ED52100200089
:10562000FFF730F9326810231100FF31887A034305
:105630008B72424B1C600823938333689A8B52070A
:105640001FD504229A833E4A1378002B0AD0137880
:10565000013BDBB213701378002B03D101211A2018
:1056600000F070FE374A1378002B0AD01378013B04
:10567000DBB213701378002B03D10121192000F045
:1056800061FE3368FF331A7AD2061ED510221A72D1
:10569000597930320A435A7160232B4938000A780D
:1056A0001A423BD1FFF72CFF3368FF33002838D074
:1056B0008022997952420A439A711A7A520604D585
:1056C00040221A72597A0A435A72336800241D8C98
:1056D00001239D43EDB20193E1B2002D1DD02B00BB
:1056E0002341019A134215D02300326808335B012D
:1056F000D318DA79D20702D4DB799B0707D5134B8D
:10570000A200D058002810D003681B689847019B5E
:10571000A3409D430134092CDED1F7BDFFF776FB92
:10572000C2E720210A4A9171C7E73800FFF794FACF
:10573000EDE7C0465D0E0020680E0020600E0020E0
:10574000D1090020D00900209C0B0020B4090020C2
:10575000FF50004110B50248FFF754FF10BDC0468E
:10576000B0090020014B024A1A607047680E002001
:10577000005000410120704710B50368014A1B6AC0
:10578000984710BD130400000300FC33D96F9A6FD3
:10579000914203D0DB6FC018007D7047012040426A
:1057A000FBE710B504000069FEF719FE2200002394
:1057B000FC329367D3679E229200A4186366A366A7
:1057C00010BDF02001403039484248417047F02375
:1057D0001B011940802306209B0099420AD0013307
:1057E000FF330130994205D0802302385B00994293
:1057F00000D0002070470F2001400020012903D075
:105800000239481E8141481C70470000B923F0B599
:10581000182685B002919B000400C05C330008216B
:105820004343324D1700EB18595600F0B7FD304B8B
:105830000821E05C33004343EB18595600F0AEFDFD
:105840002C4BE25C0393022A09D11133E05CFF2860
:1058500005D008214643AE19715600F09FFDBA26C7
:10586000B600A05DFF2819D0012100F03BFD1822F1
:10587000A35D21495A43AB56AD18DB015818BB2133
:10588000890060501D4901225B18BC2189006350CA
:1058900069688A40BD21890062501A600122029B1A
:1058A00011002069FEF7B8FE39002000FFF78FFFD6
:1058B000390005002000FFF79EFF39000600200098
:1058C000FFF77FFF33000090290020690122FEF7D7
:1058D00056FD0B4B2069E25C039BE15CFEF76CFD1F
:1058E0002069FEF789FD05B0F0BDC04600CB000081
:1058F000E5020000E70200001844004114440041A2
:10590000E6020000AF2210B504005200002104F0AE
:10591000A7F823000022FC335A6620009A6610BDC7
:10592000F7B51D0008AB1B780400009309AB1B788A
:105930001600019300234360FA239B008360114B00
:105940000F00083303601430FFF7DCFF20007D30C8
:10595000FF30FFF7D7FFB9236A469B002761E65463
:10596000094B1278E554094B2000E2546A46084B73
:105970001279E254BA22E93BFF3B9200A354103261
:10598000A354FEBD34D00000E5020000E602000092
:10599000E70200000300FC33586E9B6EC01A01D56D
:1059A0005F30FF30704710B5040020007D30FF30BD
:1059B000FFF7F0FF0028F8D12069FEF727FD10BDA2
:1059C00010B51430FFF7E6FF10BD0300FC33596E2D
:1059D0009A6E914205DB5A6E986E801A5E30FF30E7
:1059E0007047986E5B6EC01A0138F9E710B57D30CC
:1059F000FF30FFF7EAFF10BD70B504000069FEF745
:105A000021FD002805D02069FEF72CFD2069FEF756
:105A10001EFD2069FEF706FD002824D02069250020
:105A2000FEF720FDAF21FC350600A86F49000130CC
:105A300001F068FAEB6F994203D0AB6FE3181E7563
:105A4000A967BA239B00E35CFF2B0CD02000143025
:105A5000FFF7BBFF092806DCBB23BD229B00920099
:105A6000E358A2581A602069FEF7F7FC00281DD001
:105A700020007D30FF30FFF78DFF002825D09E23CA
:105A80009B00E618B26E736E9A421BD0BE22AF2105
:105A9000B36EB06EE3185200013049009D5C01F016
:105AA00031FAB166E9B22069FEF7E0FC2069FEF741
:105AB000BEFC002805D02069FEF7BDFC2069FEF77A
:105AC000ADFC70BD01256D42ECE72069FEF7DAFC04
:105AD000ECE70000F8B5040000690E00FEF7BDFC1D
:105AE000002843D19E23AF219B00E518686E490032
:105AF0000130AF6E01F006FAB94223D1EFF3108303
:105B0000DB0710D41F4B5B68DB05DB0DEAD0103BD5
:105B10005BB2002B10DA0F221340083B9B081A4A95
:105B20009B009B181B682069FEF797FC0028D9D0C2
:105B30002000FFF761FFD5E79B08C033134A9B00A5
:105B40009B58F0E7AF21686E4900013001F0DAF9A7
:105B5000AB6E994205D0BE226B6E5200E3189E5484
:105B600069662069FEF78AFC0120F8BD20007D30BF
:105B7000FF30FFF70FFF0028B4D131002069FEF796
:105B800075FCF1E700ED00E01CED00E000E100E055
:105B900070B50500FC35EA6FAB6F04009A421DD06A
:105BA000AF21EB6F4900C318E86F1E7D013001F093
:105BB000A9F9E967BA239B00E35CFF2B0CD0200016
:105BC0001430FFF702FF0A2806DDBC23BD229B002C
:105BD0009200E358A2581A60300070BD0126764248
:105BE000E8E70000F7B500921822162542434F4B14
:105BF00007009B185D5701916B1C4ED04C4B4D4CD0
:105C00001E68002E27D1310044224B4803F028FFA4
:105C100031004422494803F023FF1022484B4949F0
:105C20001E60CA67C021C120474B49005A508000FE
:105C30001958FF36B14319501A60444B444A5A80F0
:105C400002232278134323706378DB09012BFBD0F6
:105C50000122374B1A6001231E00AE4062693243B5
:105C60006261019A002A18D0102D1FD1E2781343E7
:105C7000E370009B042B0BD818000723A2789A43EB
:105C800001F0B0F8030C0E10120005231343A370AB
:105C90002A4B019A1A64B6B2E660F7BD0423F5E711
:105CA0000323F3E70223F1E70123EFE7380000279E
:105CB000002100F073FB224B1F499C461B68BA0071
:105CC000BB421DD16046013303608E501B4B0199CE
:105CD0009950072D19DD0123083DAD000721A9408A
:105CE000144A9B009B189A698A439A61009A042A75
:105CF000D1D81000996901F075F80B101214160034
:105D00008858B042E1D00137D9E7AD000023E5E77C
:105D10000522AA400A439A61BDE70422F9E703225B
:105D2000F7E70222F5E70122F3E7C04600CB0000C7
:105D3000F40F002000180040B00F00206C0F00206E
:105D4000F80F002004E100E000E100E0000C00405A
:105D500005400000F8B50024094B1B68A34200D899
:105D6000F8BD084E084FA5003369EA591A4204D01D
:105D7000064BEB589847EB5933610134ECE7C046CA
:105D8000F80F002000180040B00F00206C0F00201A
:105D9000054B10B51B6C002B00D098470123034A1C
:105DA000D1780B43D37010BD6C0F00200018004059
:105DB000FEE70000034B10B51B68002B00D098478E
:105DC00010BDC046FC0F002070B50F490F4CA1421A
:105DD00004D100F0B7F800F08BF8FEE70C4D00237B
:105DE0008D42F6D0CA18E818A24205D3094B824268
:105DF000EFD00949002204E0006804331060F1E7A5
:105E000004C38B42FCD3E4E70000002080020020A2
:105E100028D50000800200206C12002010B500F090
:105E200064F8002801D100F055F810BD014B18604E
:105E30007047C046FC0F0020014B18687047C046F1
:105E400000100020F7B51348012284461249134C74
:105E50008E68636805689B0E1340019288686268CB
:105E6000019F920E3A4067463F6893420ED1BD4271
:105E70000CD186420AD35B19FA254868AD00861B0F
:105E800007486B437043000DC018FEBD3D00130072
:105E90000600E3E70010002010E000E000ED00E065
:105EA0005555000070B5041E10D0FFF7CBFF05005C
:105EB00000F01AF8FFF7C6FF054B401B9842F7D9D0
:105EC000FA23013C9B00ED18002CF3D170BDC046B5
:105ED000E703000010B5034A13680133136000F0B4
:105EE000CDFA10BD001000207047002070477047A9
:105EF00010B500F0D7F803F043FDFFF7F8FF0120DD
:105F0000FFF7D0FF094C2000FEF7C8FE2000FEF787
:105F10003FFFFCF7DBF9FCF7CBFAFFF7E5FF044B9B
:105F2000002BF8D000E000BFF5E7C046B009002024
:105F30000000000010B503F051FD10BD10B503F0D6
:105F400057FD10BD1E2270B546484749436893432C
:105F50001C3A1343436008238C6923438B61434CF1
:105F6000434B9C829C8A14439C82DC681442FCD084
:105F70000124404A14701578254203D055786DB23B
:105F8000002DF8DB01249460547864B2002CFBDB14
:105F9000394C5460547864B2002CFBDB8224E40159
:105FA0005480547864B2002CFBDB02249C840E34B1
:105FB000DD682542FCD0314CDC621024DD682542CE
:105FC000FCD09D8C2E4C2C439C841024DD682542F3
:105FD000FCD002249D8C80262C439C844024DD68C8
:105FE0003542FCD0DD682542F9D01024DD68254219
:105FF000FCD000249460547864B2002CFBDB214C6C
:106000005460547864B2002CFBDB1C6A1E4D2C409B
:1060100080251C621C6AAC431C62032393601B4BEB
:10602000536053785BB2002BFBDB0023FF240B7221
:10603000174A4B728B72CB72164B1A60164B174A6B
:106040001B6811689A065B01C90E2340520F1202A9
:106050000B431343124A1385802342681343436062
:1060600070BDC04600400041000400400C06000026
:1060700000080040000C004001050100B905FF7D4B
:10608000040A000000070300FFFCFFFF03060100F5
:10609000006CDC028400002024608000206080000E
:1060A00000400042FA212D4B10B51868890000F01D
:1060B000A3FE2B4B013898424FD82A492A4A486000
:1060C000C020136A00061B021B0A0343136200234D
:1060D0008B6007330B608021136A09061B021B0AC1
:1060E0000B431362FC22214B196A0A431A62FF22F6
:1060F000196A12020A431A62A022196AD2020A43DA
:106100001A621B4B1C005A7852B2002AFBDB194A58
:106110005A80194B1A00597EC9090129FBD0C821A0
:10612000890099800521D970537EDB09012BFBD0B2
:10613000C02300205B011361907000F023F86378A6
:106140005BB2002BFBDB0D4B0D4A6380D379DB097F
:10615000012BFBD04123537010BDFEE784000020CB
:10616000FFFFFF0010E000E000ED00E00004004051
:10617000000C00401E400000004000422140000092
:10618000004800421F4900B50B004A7ED209012A8F
:10619000FBD001380A282FD800F024FE1B2E2E2E0B
:1061A0002E2E062E2E2411001A6917490A400F219F
:1061B0001A615A788A43110001220A4310E01A69D1
:1061C00011490A400F211A615A788A4311000322AB
:1061D000F3E71A690C490A400F211A615A788A4379
:1061E0005A7000BD1A6908490A400F211A615A788D
:1061F0008A4311000222E0E7F022196912050A43DE
:10620000F3E7C04600400042FFFFFFF010B5040076
:106210000D2800D80E340121200000F0BFF80E2C0C
:106220000DD12B4B1900DA79D209012AFBD00220BB
:106230001A7882431A70CB79DB09012BFBD02549F0
:106240000B004A7ED209012AFBD018226243224C5D
:10625000A418207C1F240A692040A24302430A613B
:106260005A7ED209012AFBD0022219780A431A70F9
:106270005A7ED209012AFBD00222197B0A431A73E3
:1062800001221A765A7ED209012AFBD00222197BFA
:106290000A431A731A7ED207FCD5588B80B25A7EF5
:1062A000D209012AFBD002211A788A431A705A7E39
:1062B000D209012AFBD0094B1A68094B1B689A4284
:1062C00002D002D9D31AD84010BD9B1A9840FBE7E0
:1062D000004800420040004200CB0000880000203F
:1062E0008C000020182310B508244343134AD0180B
:1062F0000457013412D001249A5643689C40032964
:106300000CD808000E49D2015218D318403300F0BF
:1063100069FD0210060B02211970546010BD0621A0
:10632000197054609461F9E7062119705460546142
:10633000F4E7022119709460F0E7C04600CB00003A
:10634000004400411823F0B508245843114A13189B
:106350001C5701341BD0012635005F688356BD40B1
:106360000D4ADB019A18906805420BD10C00601EA3
:106370008441D2194032107834400336A400B0432F
:1063800020431070044A9B18002901D15D61F0BDC3
:106390009D61FCE700CB000000440041182242430D
:1063A00070B52D4E0300B218127A52B214000132A9
:1063B0000ED0481C00240C280AD800F013FD071F3B
:1063C0001F1F1F1F1F1F1F0B0B0B0B0001246442FD
:1063D000200070BD092905D100211800FFF782FFB8
:1063E0000024F5E70A2901D10839F6E700240B2932
:1063F000EED10A391800FFF775FFE9E718220120EE
:106400005343F218F3565568144ADB016C089B1885
:10641000C9B228401C1900280ED00F203034227831
:106420000901024011434122C9B25B192170403376
:1064300019780A431A70D3E722000F2630321478F5
:106440005B19B44321431170412240331978040091
:106450000A431A70BCE7C04600CB0000004400416C
:10646000014B18607047C046900000200122024B8B
:1064700052421A607047C04690000020164A10B57C
:106480001368591C26D0013B1360002B22D172B631
:10649000124B134A0433934213D9124A01211000BC
:1064A000147D0C42FCD02021148BFF319B085B0033
:1064B00021431183D3610C4B13800123027D1A42C7
:1064C000FCD0BFF34F8F094B094ADA60BFF34F8FFF
:1064D000C046FDE710BDC04690000020002000002F
:1064E000030200000040004102A5FFFF00ED00E0B4
:1064F0000400FA0570B50E0000254468002C0BD08E
:10650000236831005B6820009847002802DB2D18C3
:10651000E468F3E701256D42280070BD70B50D00F9
:106520004468002C08D0236829009B682000984705
:10653000002802D1E468F4E7200070BD70B50D00BA
:106540004468002C08D0236829001B682000984765
:10655000002802D1E468F4E7200070BD0121054A5B
:1065600010B5136804480B4003D1044C4360048009
:10657000116010BD0410002008100020020400006B
:1065800070B50400012304CC0500117820000B43F2
:10659000137080220021520003F062FA2B689A786F
:1065A000D207FCD49A789207F9D45C6270BD0000DF
:1065B0001F22144BF0B51B68590B9C0C9B0111401A
:1065C00014405B0F914200D105211F2C00D1023CE9
:1065D000072B00D1043B02688F01158D0A491F2645
:1065E00029403943118505683440298D0A00B2439A
:1065F00022432A8500681903028D044B13400B4384
:106600000385F0BD246080003FF8FFFFFF8FFFFF90
:106610000378034A9B009B58002249331A70704745
:1066200064100020F0B5040085B01E000AAB1B7892
:10663000103001930BAB1B78170002930CAB1B7847
:106640000D00039300F0ACF92000243000F0A8F90D
:10665000220000234832A363E3632364636413705E
:10666000537063729D4205D10A4B0B4A22210B489D
:1066700003F058F96B461B79200063716B461B7A57
:106680002560E3716B461B7B2771A671237205B0F1
:10669000F0BDC046B0D0000018D10000C1D000004D
:1066A00030B5040085B002AD006802910392FDF799
:1066B00004FF6B79227AE179009320680023FDF7CB
:1066C000E1FF2979029A2068FDF71CFF2068FDF799
:1066D000EAFE05B030BD000007B5837A0091019253
:1066E000002B07D09A070AD5EFF310835A42534183
:1066F000C37272B60099019AFFF7D2FF07BDDB079C
:10670000F8D5C368014A9BB29360F3E700180040D4
:10671000837A002B05D09A0704D5C37A002B00D0CA
:1067200062B67047DB07FCD5C368024A9BB2D360F0
:10673000F7E7C0460018004010B50068FDF7C6FE38
:1067400010BD000010B50068FDF7F0FE0023984270
:1067500003DB0C335843024BC358180010BDC0462E
:1067600068D0000010B50068FDF7E0FE002805DBEA
:106770000C2343430348C018406810BD0120404229
:10678000FBE7C04668D0000010B50068FDF7CEFEFC
:10679000002805DB0C2343430348C018806810BD64
:1067A00001204042FBE7C04668D00000F0B506007B
:1067B000103689B00500300000F04AF9002869D190
:1067C0002F002437380000F043F9041E5FD1280061
:1067D000FFF7DAFFC1B2300000F018FA02213000F2
:1067E00000F038FA2C490122300000F00BFA2B7C23
:1067F0002A4A9B0028009D50FFF7B4FFC1B2380021
:1068000000F004FA0221380000F024FA6B1DDB7F4F
:10681000224A9B0028009D50FFF794FF01230100AE
:106820002200029304942300039401940094300006
:1068300000F034FAA8632800FFF784FF0123020068
:1068400001932100230004940394029400943800DF
:1068500000F024FAE863402003F0C0F82A00483230
:106860002864079200280BD00123137068646B6CB6
:1068700010221819E96B103403F0D6F8402CF6D129
:10688000079B1B78002B05D1380000F07BF9300006
:1068900000F078F909B0F0BD116600006410002026
:1068A00070B5437A0400002B04D18372C372C360B5
:1068B00001334372230048331B78002B02D12000A0
:1068C000FFF774FF18263300082120790D4D43434C
:1068D000EB185956FFF762FD33000821A0794343B6
:1068E000EB185956FFF75AFD082160794643AD1958
:1068F0006956FFF753FD044B200006CBFFF7D0FE8F
:1069000070BDC04600CB00005C1000201FB5094AD6
:10691000094B0A4913600023537113710293013329
:10692000019316330093162201330548FFF77AFED0
:1069300005B000BD5C10002000093D008C0900205E
:1069400010100020094B1868002809D1EFF31082BD
:106950000749002A08D172B6BFF35F8F01320A706F
:106960001A6801321A6070470870F9E7281200208F
:1069700024120020084B1A68002A0CD01A68013A29
:106980001A601B68002B06D1044B1B78002B02D029
:10699000BFF35F8F62B670472812002024120020D8
:1069A000FF23002110B504000370FC3B417081708F
:1069B000C170017143710C22083003F051F82000BE
:1069C00010BD000001220B0010B5134008D00D4B84
:1069D0001A70042343708368002B00D0984710BDC1
:1069E0000222114204D007490A704370C368F3E7DA
:1069F00004231942F3D0034A13700333437003692D
:106A0000EAE7C0464E48004110B5FFF79BFF0C4B2C
:106A10001B8C1B071B0F0B2B0FD80A4A9900885899
:106A200000280AD00F2408490A78A24313430B70A8
:106A3000064B1978C9B2FFF7C5FFFFF79BFF10BDE2
:106A4000004800412C1200203F4800414E480041C0
:106A5000F8B500230278050018000B2A77D93C4EC0
:106A60002B702B780B2B07D801229A4031681142EA
:106A700004D001332B70F4E7012068E0FFF762FFD8
:106A80003768344C002F2BD12022334B33485969BF
:106A90000A435A611022D9690A43DA610222238823
:106AA0003900934323802388013A134323802C4BDE
:106AB0006063BF32A36302F0D3FFC02239002848CD
:106AC00002F0CEFF4022C120264B80002380264BBF
:106AD00026491A601A581140C02212040A431A505B
:106AE00001231A00297830688A40024332600F2659
:106AF0001F4A880085501F4831400278B2430A433C
:106B0000027002201C4A11788143117011781943D8
:106B10001170297822698B409A43226160223F21BB
:106B2000636C934363642A79636C0A4013491202CD
:106B30000B400321134363646A79636C0A40104974
:106B400092050B4013436364FFF714FF0020F8BD68
:106B50002012002000480041000400406011002085
:106B6000A0100020020F000000E100E0FFFF00FF86
:106B70002C1200203F48004140480041FFC0FFFF69
:106B8000FFFF3FFF70B50500FFF7DCFE6B785BB2DF
:106B90001C00062B27D02B7802240B2B23D8012294
:106BA0009A40134B196811421DD01968914319601E
:106BB0001B68002B10D1402221000E4B0E31DA67EA
:106BC0000D4A1388A34313800C4BDA698A43DA61B8
:106BD0005A6910318A435A6100242B78084A9B0075
:106BE0009C50FF232B70FFF7C5FE200070BDC046F0
:106BF0002012002004E100E00048004100040040B1
:106C00002C120020023292001150704770B505001E
:106C1000297103780C000B2B14D8FFF793FE297809
:106C20000F25094829400378084AAB430B433F210D
:106C30000370536C0C40064924020B401C435464FF
:106C4000FFF798FE70BDC0463F4800410048004134
:106C5000FFC0FFFF70B50500697103780C000B2BB6
:106C600014D8FFF76FFE29780F25094829400378CB
:106C7000084AAB430B4303210370536C0C40064995
:106C8000A4050B401C435464FFF774FE70BDC0465E
:106C90003F48004100480041FFFF3FFFF0B587B08B
:106CA00001930CAB1E780DAB1B78050002930EAB65
:106CB0001B780078039310AB049105921F780B2882
:106CC00002D9002007B0F0BD6B78062BF9D0AB7865
:106CD000002B00D178E01021080002F075FE00289A
:106CE000EFD02B783A4A1B019B181A00D168002973
:106CF00004D0D1688B4201D0D268F7E7D06001237D
:106D00000221AB709E4203D04918022E00D0190018
:106D1000062402881A4302800288A2430280028865
:106D20001234A2430280153C02882640294C3602C8
:106D3000224016430680029E0288274C1E402240B5
:106D4000B60216430680039E0288244C1E40224051
:106D5000F602164306800288214E3B4032401B0358
:106D60001343072203800F9B1A4003885203DB045E
:106D7000DB0C134303806B469B884380049B43607A
:106D8000029B002B08D0019B42684B43002F01D08F
:106D90000F9CA340D3184360059B8360039B002B8B
:106DA00008D0019C4C438168002F01D10F9B9C406F
:106DB0000C1984600023EA789A4203D02B78044AA5
:106DC0001B019B18C3607DE7014B0001C01896E7CB
:106DD00060110020FFFCFFFFFFFBFFFFFFF7FFFF3D
:106DE000FFEFFFFF02B4714649084900095C490002
:106DF0008E4402BC7047C046002243088B4274D3C5
:106E000003098B425FD3030A8B4244D3030B8B42AB
:106E100028D3030C8B420DD3FF22090212BA030CB4
:106E20008B4202D31212090265D0030B8B4219D395
:106E300000E0090AC30B8B4201D3CB03C01A5241B5
:106E4000830B8B4201D38B03C01A5241430B8B42FD
:106E500001D34B03C01A5241030B8B4201D30B03E6
:106E6000C01A5241C30A8B4201D3CB02C01A52410D
:106E7000830A8B4201D38B02C01A5241430A8B42D0
:106E800001D34B02C01A5241030A8B4201D30B02B9
:106E9000C01A5241CDD2C3098B4201D3CB01C01AD3
:106EA000524183098B4201D38B01C01A52414309DD
:106EB0008B4201D34B01C01A524103098B4201D3CB
:106EC0000B01C01A5241C3088B4201D3CB00C01A38
:106ED000524183088B4201D38B00C01A52414308B0
:106EE0008B4201D34B00C01A5241411A00D20146D5
:106EF000524110467047FFE701B5002000F0F0F85E
:106F000002BDC0460029F7D076E7704703460B4321
:106F10007FD4002243088B4274D303098B425FD392
:106F2000030A8B4244D3030B8B4228D3030C8B42BE
:106F30000DD3FF22090212BA030C8B4202D31212A4
:106F4000090265D0030B8B4219D300E0090AC30B79
:106F50008B4201D3CB03C01A5241830B8B4201D326
:106F60008B03C01A5241430B8B4201D34B03C01A0F
:106F70005241030B8B4201D30B03C01A5241C30A87
:106F80008B4201D3CB02C01A5241830A8B4201D3F8
:106F90008B02C01A5241430A8B4201D34B02C01AE2
:106FA0005241030A8B4201D30B02C01A5241CDD287
:106FB000C3098B4201D3CB01C01A524183098B42D2
:106FC00001D38B01C01A524143098B4201D34B01BB
:106FD000C01A524103098B4201D30B01C01A52411E
:106FE000C3088B4201D3CB00C01A524183088B42A5
:106FF00001D38B00C01A524143088B4201D34B008E
:10700000C01A5241411A00D20146524110467047FF
:107010005DE0CA0F00D04942031000D34042534004
:1070200000229C4603098B422DD3030A8B4212D3C4
:10703000FC22890112BA030A8B420CD389019211F6
:107040008B4208D3890192118B4204D389013AD033
:10705000921100E08909C3098B4201D3CB01C01A08
:10706000524183098B4201D38B01C01A524143091B
:107070008B4201D34B01C01A524103098B4201D309
:107080000B01C01A5241C3088B4201D3CB00C01A76
:10709000524183088B4201D38B00C01A5241D9D28E
:1070A00043088B4201D34B00C01A5241411A00D20F
:1070B0000146634652415B10104601D34042002B0B
:1070C00000D54942704763465B1000D3404201B58A
:1070D000002000F005F802BD0029F8D016E770473F
:1070E0007047C0468446101C62468C46191C634695
:1070F00000E0C0461FB501F017FC002801D40021B4
:10710000C8421FBD10B501F06FFB4042013010BDF9
:1071100010B501F009FC002801DB002010BD0120A2
:1071200010BDC04610B501F0FFFB002801DD0020B6
:1071300010BD012010BDC04610B501F091FB002824
:1071400001DC002010BD012010BDC04610B501F0CB
:1071500087FB002801DA002010BD012010BDC046C9
:107160009E2110B5C905041C02F0EEFA002803D1D7
:10717000201C00F0BBFC10BD9E21201CC90500F0A6
:10718000F1FA00F0B3FC80231B069C466044F2E752
:1071900070B500220C4B04000D00FFF7D7FF00284C
:1071A00004D12000290002F0FDF970BD064B002239
:1071B0002000290001F092FE02F0F4F980231B0662
:1071C0009C466044F1E7C0460000E041F8B5474600
:1071D000CE4643025B0A4400C20F9C464800DD00D5
:1071E0004B02240E5B0A000E80B59846260091469D
:1071F000C90FDB00271A8A4229D0002F15DD00288D
:107200004AD1002B00D095E0ED08FF2C00D188E09A
:107210006B025B0AE6B25B02F605580A3043D207FE
:1072200010430CBC90469946F8BD002F00D087E073
:10723000601CC0B2012800DCB6E0EE1A720100D575
:10724000C5E0002E3DD1002200260023E3E7002FF9
:1072500000DC96E000285DD0FF2C60D08022D204B4
:1072600013431B2F00DDECE02022D21B18009340BB
:10727000F8405A1E93410343ED186B017BD501344E
:10728000FF2C00D1B7E0012207262A406B089A4D57
:107290001D4015432E4029E0FF2CB5D08022D2049A
:1072A00013431B2F00DDB2E02022D21B19009340B4
:1072B000F9405A1E93410B43ED1A6B015BD5AD01AA
:1072C000AE09300002F04AFA05388640844265DC97
:1072D000041B330020200134E340041BA640751E2C
:1072E000AE41334307261D0000241E4001224B46B9
:1072F0001A40002E04D00F232B40042B00D004355D
:107300006B0100D480E70134E6B2FF2C2FD1FF26B9
:10731000002380E7002B52D1FF2C00D074E70A0035
:10732000ED08002DF3D08023DB032B435B025B0AC7
:10733000FF2670E7013F002FBED0FF2CB1D163E7DD
:10734000002C47D0FF2869D08024E4047A422543EA
:107350001B2A00DDC5E02C002026D440B21A95403F
:107360006A1E954125435D1B04008946A5E7AB01D4
:107370005B0A50E7002401224B461A406B07BAD142
:1073800042E7002F3BD10134E0B201284ADDFF2C57
:10739000BDD00726ED186D082E40A7E70723574DEF
:1073A000241A35401E40A1E7002C1BD1002D6ED1C0
:1073B000002B00D19AE00A001D003C0024E7013FA9
:1073C000002F00D158E7FF2C00D04AE7A7E75E1B4B
:1073D000894676E7002D1CD10A00FF281FD0040043
:1073E0001D0011E7002D5DD1002B17D18023002255
:1073F000DB03FF260FE70A00FF2600230BE7002C24
:1074000021D1002D66D1FF28E9D11D0087E7012396
:1074100052E77A1CA7D0FA43FF2899D10A001D0031
:10742000FF24F1E6002E21D1002D4FD0002B4CD0AF
:10743000ED186B019ED5314B07362E4001241D40BF
:1074400054E7012318E7FF28DFD08024E4047F42BB
:1074500025431B2F4DDC2026F61B2C00B540FC409D
:107460006A1E95412543ED18040006E7002DCCD097
:10747000002B00D153E780216046C903084203D0A6
:107480004046084200D11D000121114047E7002B72
:1074900000D1B9E6EA1A500125D507265D1B2E401A
:1074A000894623E7FF24002B00D1ADE68022604609
:1074B000D203104204D04046104201D11D0089463B
:1074C00001224B46FF241A409EE62B00DD080A00ED
:1074D00000249DE67A1CC6D0FF43FF28B9D11D00C9
:1074E0001DE701253FE7151E00D044E700220023D9
:1074F00091E60125B7E7C046FFFFFF7DFFFFFFFBD9
:10750000F0B54E4657464546DE46E0B543025B0AB7
:10751000450083B00F1C99462D0EC60F002D57D085
:10752000FF2D24D08020DB00C004184300238146B7
:107530009A469B467F3D7C027A00FB0F640A120E3E
:10754000984623D0FF2A4BD0E30080240020E40497
:107550007F3A1C43AD186B1C474601935346774056
:107560003A000F2B48D87D499B00CB589F46002BF3
:1075700000D085E008339A46063B9B467C027A00A1
:10758000FB0FFF25640A120E9846DBD1002C00D0B9
:1075900090E0524601231A4392460120DBE74C4615
:1075A00058461700022824D0032800D1CFE000223B
:1075B000002301284DD15802D205400AFF0710438D
:1075C000384303B03CBC90469946A246AB46F0BD5A
:1075D000002B5BD104239A46033B00259B46AAE778
:1075E000FF35002C60D1524602231A4392460220F6
:1075F000B1E7FF220023DEE74B461B0C9C464B46BF
:107600002604360C180461463300220C6446000C34
:1076100043434E435043544380191A0C1218964268
:1076200003D9802149028C4664441B041B0C1004BE
:10763000C01883015E1EB341800E1843130C1B1942
:107640009B0103431C00230179D5012362081C40E0
:107650001443019A7F32002A4DDD630704D00F23C3
:107660002340042B00D00434230103D53C4B019A62
:107670001C408032FE2ABCDCA3015B0AD2B29AE72E
:107680000C239A46093BFF259B4654E7180002F05D
:1076900065F84A46431F76259A4000236D4291467D
:1076A0002D1A9A469B4646E7524603231A439246B2
:1076B000032050E7200002F051F8431F2D1A9C4090
:1076C000763D002047E780230027DB03FF2272E797
:1076D000424666E74C463200584662E780234A46F7
:1076E000DB031A4222D01C4220D123435B025B0AF7
:1076F0004746FF225FE701239A1A1B2A21DC230059
:107700000199D3409E318C401A0023005C1EA34196
:1077100013435A0704D00F221A40042A00D004331E
:107720005A0111D49B015B0A002244E780234A4698
:10773000DB0313435B025B0A3700FF223BE7019543
:1077400087E70022002336E70122002333E7802366
:10775000DB0323435B025B0AFF222CE76CD10000B2
:10776000FFFFFFF7F8B54746CE464400C20F80B58D
:1077700047024802400A8446664648007F0A240EB3
:10778000F60025009046FB00000EC90FB146FF2809
:1077900000D185E001267140261A914257D0002E73
:1077A00043DD002800D07FE04946002900D1AAE04F
:1077B000013E002E00D0F7E05B1A5A0100D48BE0A6
:1077C0009B019C09200001F0C9FF053884408542D7
:1077D00000DDD3E0451B230020200135EB40451B95
:1077E000AC40621E94412343072400251C40012223
:1077F00041460A40002C04D00F211940042900D032
:107800000433590100D480E00135ECB2FF2D00D0E3
:10781000A3E0FF2400235B02E405580AD2072043BB
:1078200010430CBC90469946F8BD002E74D1601CE4
:10783000C0B2012800DCA7E04A469C1A620100D5CC
:10784000B6E0002CBED1002200240023E3E7002E86
:1078500000DC85E0002846D0FF2C49D08022484635
:10786000D2041043814601221B2E09DC20204C4605
:10787000801B84404A462000F240441EA04102433F
:107880009B185A0128D50135FF2D00D1A8E001220F
:10789000072494491A405B080B4013431C40A6E799
:1078A000002E00D078E775E7FF2C54D0802249469F
:1078B000D2041143894601221B2E09DC20214846AF
:1078C000891B88404A460100F240481E81410A4314
:1078D0009B1A5A0100D573E7012241460A40590715
:1078E00000D089E711E04846002858D1FF2C0CD180
:1078F000DB08002B00D18CE78020C00303435B0230
:107900005B0AFF2487E7FF2C25D0DB08FF2DF0D092
:107910005B025B0AECB27EE7002C4DD0FF2818D04A
:107920008024E404724223431B2A00DDC4E01C00CF
:107930002025D440AA1A93405A1E934123434A4615
:107940000500D31A884638E7721CF8D0F243FF28A6
:10795000EAD10A004B46FF25D7E79B015B0A5AE7AD
:10796000002E41D1651CE9B2012945DDFF2D00D172
:107970004FE707244B445B081C4038E707225A4B6B
:107980002D1A2340144032E7002C1DD1002B7AD150
:107990004B46002B00D191E00A000025B5E7013EDF
:1079A000002E19D14B446CE7FF2C84D1FF25ACE7A6
:1079B0004A468846D41A05E7002BC5D10A00FF289D
:1079C000C8D005004B46A0E7002B49D14B46002B01
:1079D00077D00A00FF2598E7FF2C00D043E787E720
:1079E0000A00FF24002316E7002C15D1002B57D1E5
:1079F000FF28E6D14B467BE7002C20D1002B57D047
:107A00004946002953D04B445A0168D50724364AC9
:107A10001C4001251340EAE6FF28EBD08022D20467
:107A2000764213431B2E53DC2025AD1B1A00AB40BE
:107A3000F2405C1EA34113434B44050021E7002B99
:107A4000D8D04946002900D152E78021C9030F420E
:107A500000D14DE76046084200D049E74B4647E772
:107A60004846FF25002800D14FE78022D203174265
:107A700004D06046104201D14B468846012241465F
:107A8000FF250A4041E7484600281FD01A1A500136
:107A900020D54A460724D31A1C4088460025A6E66E
:107AA000741CC9D0F643FF28BCD14B4620E7994649
:107AB0004B460025DB082BE7012340E7002200238B
:107AC000A9E680230022DB03FF24A4E600251CE7AF
:107AD0000123B1E7002AF1D013000025FCE60025C0
:107AE000FAE6C046FFFFFF7DFFFFFFFB41024200B9
:107AF000C30F490A120E00207E2A0DD99D2A0CD8E8
:107B0000802000040143952A0ADC9620821AD14085
:107B10004842002B00D108007047034A9818FBE741
:107B2000963A9140F4E7C046FFFFFF7F70B5041E10
:107B300034D001F013FE9E22121A962A07DCD2B22C
:107B400008282EDD083884406002400A21E0992A86
:107B500009DD030021001B3399404B1E9941052389
:107B60001B1ADC400C43052801DD431F9C40230009
:107B70000D490B40650709D00F252C40042C05D07A
:107B800004335C0102D59F220B40121A9B01580A54
:107B9000D2B24002D205400A104370BD002200203C
:107BA000F7E76002400AF4E7FFFFFFFBF0B54F463E
:107BB0004646D6460C000903C0B5490A470F5E0089
:107BC00039431F03DB0F9C4665007B0A570F1F4399
:107BD0006D0DE40F760DA146C000B846D200AB1B78
:107BE00064457BD0002B5FDD002E00D0A4E03E007A
:107BF000164300D112E15E1E002E00D09EE1871ACE
:107C00004346B84280410125C91A4042091A0B0275
:107C100000D431E149024E0A002E00D16EE130005D
:107C200001F09CFD0300083B1F2B00DD61E12022D9
:107C30003900D21A9E40D1409F400E439D4200DD44
:107C400051E15D1B6B1C1F2B00DD7CE12021C91A5B
:107C50003D0030008F408840DD40791E8F4131006B
:107C600007222843D940002507433A40002A09D07B
:107C70000F233B40042B05D03B1DBB42BF417F423D
:107C8000C9191F000B0200D426E26A1CC64B550519
:107C90006D0D9A4200D106E1C44AFF080A4053071D
:107CA00052023B43120B8EE0002B00D0B8E06B1C5D
:107CB0005B055B0D012B00DC30E1871A4346B842BF
:107CC000B641CB1A76429E1B330200D54CE13B00F5
:107CD0003343A1D100220024002570E0002B00DCFA
:107CE000E5E0002E00D183E0AF4EB54260D08026A3
:107CF00036043743B846382B00DC3EE14346134395
:107D00001F007A1E97413F18874280414042091860
:107D10000B0200D4B0E0A44B01359D4200D1C3E07A
:107D2000A24A7B080A4001210F401F435108D30794
:107D300007221F433A4099E79B4EB54238D0802630
:107D400036043743B846382B00DDDCE01F2B00DC5F
:107D500030E11E004746203EF740BC46202B04D0B1
:107D60004026F31A46469E403243170063467A1E69
:107D700097411F43CCE0002B00D104E2434613435C
:107D800000D159E14B07C00818438023C9081B03E1
:107D9000194208D04546ED081D4204D14346D0089B
:107DA000590708432900420FC9007F4D1143C00005
:107DB0004B07CA087C49C00803438D4268D01203B0
:107DC0006D05120B6D0D002112031800130B0A0D27
:107DD00012051A43764B2D0513402B435B00E40735
:107DE0005B08234319001CBC90469946A246F0BD8F
:107DF0003E00164312D05E1E002E00D000E1871810
:107E00008742804141444042091801250B0233D585
:107E1000022585E764463300414610001D00C7E790
:107E2000002D00D0DAE00C000443F3D05C1C00D13C
:107E30009FE15D4CA64200D12FE1DB43382B00DDF2
:107E400066E11F2B00DD83E120240500E41A0F000A
:107E5000DD40D940A0404346A7405B1A441EA041E4
:107E600098462F433843171ABA429241434652422A
:107E7000991A64463500CAE607223A40002A00D023
:107E8000F6E64B07CA084849FF083B438D4296D1A6
:107E90001900114300D19EE1802109030A43120316
:107EA000120B414D8FE71500002200238BE7002BBA
:107EB00000D0C7E06B1C5F057F0D012F00DCF1E0F7
:107EC000394DAB4200D1B9E085180A00854289419D
:107ED0004244494251180722CF076D082F434908F1
:107EE0003A401D00C2E607223049ED1A31403A40BF
:107EF000BCE63E002838864000279FE6380001F0A7
:107F00002DFC20308EE6434613431F007A1E974116
:107F1000C71BB84280414042091A78E60E003B0078
:107F200006431343002D61D1002E00D0F4E0002B56
:107F300000D11BE164463900100039E71A4FBB42FB
:107F40007AD03300FFE630001F3DE840202B03D0FD
:107F50004021CB1A9E4037437B1E9F410722074397
:107F60003A400021002589E7171A4346BA42B64134
:107F7000591A76428E1B64464EE61F2B00DDADE09B
:107F800020264746F61AB740B9461700B246DF40EA
:107F90004E463E4337005646B240561EB241174346
:107FA0004246DA408918AEE6FF070000FFFF7FFF78
:107FB000FFFF0F8020264746F61AB740B946170044
:107FC000B246DF404E463E4337005646B240561E4C
:107FD000B24117434246DA40891A99E77F4CA642DC
:107FE0005BD0802424045B42214327E7002E0CD180
:107FF000002B00D1CBE0644639001000774DD7E666
:10800000764FBB4218D0330075E6002B14D04B07D7
:10801000C00818438023C9081B03194207D0FC0875
:108020001C4204D17907D0080843E14621004C46A0
:10803000420FC9001143C000684DB9E61D0000227F
:108040000023C0E6002D5BD10D00054300D1E2E620
:108050005D1C00D1B0E0614DAE421FD0DB43382B38
:1080600071DC1F2B00DD96E020250F00ED1AAF40DC
:10807000B9460700AA46DF404D463D432F0055460E
:10808000A840D940451EA84188440743BF189742DD
:1080900092415142414435003AE66446350041463A
:1080A000100085E60B000343002D00D063E6002B93
:1080B000F5D04346134300D17AE6871887428041C2
:1080C00007224144404209183A400B0200D4D5E649
:1080D000434B01351940C9E5380069E61E004746A3
:1080E000203EF740BC46202B04D04026F31A4646DB
:1080F0009E403243170063467A1E97411F4302E6B3
:10810000364DAE42CAD080252D045B422943A6E7F6
:108110000843411E8841A6E6002B00D148E6871A95
:108120004346B842B641CB1A76429E1B33024BD52A
:10813000171A4346BA429241591A5242891A0722E3
:1081400064463A4092E501430F00791E8F419DE756
:108150001C000F00203CE740202B03D04024E31AF2
:1081600099400843411E884138437CE600220024A0
:1081700025E6171A4346BA429241591A5242891AC1
:108180006446350043E541461000144D10E6802258
:108190000024120380E61D000F00203DEF40BC4686
:1081A000202B03D04025EB1A994008430700634673
:1081B000781E87411F4369E7871897429B414144D6
:1081C0005B42C9183500A3E53B003343CED00722FC
:1081D00031003A4052E600231A00F4E5FF070000A0
:1081E000FFFF7FFFF0B55746DE464E464546E0B5F9
:1081F000834607000E03480085B092461C00360BEC
:10820000400DCD0F002800D19DE0954B984239D00C
:108210008023F6001B041E43924A7B0F334399468A
:10822000944603006344009300230026FF0002935A
:1082300023031B0B98466300E40F52465B0D019429
:1082400000D1B3E086498B4200D19EE04246D10086
:10825000802212040A435146490F11438B4681493B
:1082600052468C4600996344CB1A0021D2000093F9
:108270002B0063409A460F2E00D905E17A4BB600D9
:108280009B599F465B463343994600D0B8E0022392
:108290000826002700900293CAE7CB463A000299CD
:1082A0000195019B9A46022927D0032900D180E23B
:1082B000012944D06D49009B8C4663441C00002C6E
:1082C00038DD530700D013E2D2085B46DB0109D545
:1082D0005946674B19408B468021C9008C46009B4C
:1082E00063441C00634B9C4207DC5B4664055F07EC
:1082F0005B0217431B0B620D02E000230027584A64
:1083000000211B031C0B0B0D1B05234314055A4AAC
:10831000380013401C4353466400DB0764081C43C9
:10832000210005B03CBC90469946A246AB46F0BD44
:108330000122524201231B1B382B00DCADE100223D
:1083400000230027DCE75B46334399465ED0002ECE
:1083500000D18AE1300001F001FA03000B3B1C2B35
:1083600000DD7BE11D22D31A5A460100DA400839AC
:108370008E4013005F46334399468F403F4B0026A3
:108380001B1A00930023029352E7414653460B43C6
:108390003B499B468C46009B634400935B46002B05
:1083A0003BD1022300221E43022161E743461343CF
:1083B0009B4637D04346002B00D162E1404601F096
:1083C000CDF903000B3B1C2B00DD53E102004146BD
:1083D000083A914088461D21CB1A5146D9400B00DE
:1083E00041460B439B46534693401A00009B254948
:1083F0009C46604403008C4663440093002137E7A9
:108400000323B14600900C26029311E7002300934A
:1084100001330426002702930AE70323C3461E43C1
:10842000032125E701331E430022012120E7002319
:108430009A46802300271B03094A61E780234946A7
:108440001B03194200D1E2E05946194200D0DEE098
:108450000B431B0317001B0BA246014A50E7C04603
:10846000FF07000001FCFFFFACD10000FF0300008C
:10847000FFFFFFFEFE070000FFFF0F800DFCFFFF68
:1084800001F8FFFFF3030000D94500D9CBE000D18C
:10849000C6E03C0048460027009B013B00935B463A
:1084A000160E1B021E431302984633041B0C9946FA
:1084B000310C0191FEF726FD4A4642430B04210C84
:1084C000050019438A4207D98919013D8E4203D814
:1084D0008A4201D9851E8919881A0199FEF712FD71
:1084E00009048C464A46210464464243090C0300B1
:1084F00021438A4204D98919013B8E4200D8F1E018
:108500002D041D43AB464346891A4246280C1204EB
:108510001D0C5B46140C22001B041B0C5A430394D5
:108520006B434443029568431B19150CEB189C429E
:1085300003D980246402A44660441C0C15041B0467
:108540002D0C20185D19814277D373D00C1AA24AE2
:108550007D1BAF42BF419446009B7F426344E01BBA
:108560001C00864200D1DBE00199FEF7CBFC4A46B5
:1085700042430B04290C070019438A4207D9891981
:10858000013F8E4203D88A4201D9871E8919881A71
:108590000199FEF7B7FC09044A46894629044D466D
:1085A0004243090C030029438A4207D98919013B38
:1085B0008E4203D88A4201D9831E89193F04891A41
:1085C0003A00039F1A43380013041B0C584381469A
:1085D0000298150C6F43434345434846000C8446BC
:1085E000DB1963449F4203D98020400284466544DE
:1085F00048461F0C00041B04000C7D191818A942E2
:1086000000D284E000D17FE001231A4357E68023A3
:108610004A461B0313431B031B0BAA466F4A6FE614
:10862000BA4200D935E74B46DC0758087B081C43A3
:10863000FF0734E70024AF4289D247444745A441AD
:108640005B466442A4196418013BA6421ED2A042B4
:108650006DD800D1B6E0241A9B4678E703005A464D
:10866000283B9A400027914688E6584601F076F864
:10867000203072E603005246283B9A40934600227F
:10868000B4E6504601F06AF820309AE6A642E2D1FC
:10869000B845DCD9341A9B4659E71F2B65DC504C92
:1086A0000099A4465C46614408008C401100824059
:1086B000D940501E82410C4314435A46DA401300FD
:1086C000620709D00F222240042A05D02200141D7F
:1086D0009442894149425B181A0262D50122002363
:1086E00000270DE68A4200D80AE7831E891907E7AA
:1086F0000F231340042B00D1E6E5171D974292414A
:1087000053429B44FA08E0E5002800D1D7E57118F0
:10871000531EB14227D3A94215D358D01A0073E78C
:10872000002B00DC04E6012300229B44CDE502235C
:108730004744474589415B429C46494289190C1987
:10874000E344241A03E743465F0047459B41B8468C
:108750005B429E19023A8919A94200D054E740456C
:1087600000D051E7ABE51A00F6E71F215F4649420A
:108770000C1BE740202B07D01A49009B8C46634412
:1087800018005B4683401A43501E82413A43072734
:108790000023174009D00F210023114014000429A1
:1087A00095D122005F075B021B0BD2081743002202
:1087B000A6E5802359461B030B431B0317001B0B25
:1087C000064A9DE5BD42B2D89B460024BFE68045DF
:1087D000B9D31A00C3E7C046FF030000FF0700003B
:1087E0001E0400003E040000F0B54F464646D64643
:1087F0008446C0B58046194E18030F034D00000B88
:108800005C0082463F0B6D0DC90F9146640DDB0F76
:108810000120B5420AD0B44203D0A54201D1574548
:108820000CD01CBC90469946A246F0BD66463E431D
:10883000F7D1AC42F5D154461443F2D10120C845DA
:10884000EFD1994207D0002DEBD163461F4338008A
:10885000471EB841E5E70020E3E7C046FF070000F8
:10886000F0B54F464646D6464D00C0B50E03C90F7B
:108870008A462C491F035C008046360B6D0D9146DD
:108880003F0B640DDB0F8D421ED08C4216D0002DA5
:108890001ED130438446002C01D13A4323D0624696
:1088A000002A1AD09A4529D05146022001390840A1
:1088B00001381CBC90469946A246F0BD39001143D0
:1088C000E5D002204042F4E73043FAD1AC420FD069
:1088D000002C0FD13A43E7D00CE00122013B934337
:1088E00018000130E5E763460020002BE1D0DBE70C
:1088F0003A43E6D19A45D7D1A542D5DCA54205DB5E
:10890000BE42D1D808D00020BE42D2D25046012368
:10891000013898430130CCE7C845C5D80020C84588
:10892000F4D3C6E7FF070000F0B54F464646D646EB
:108930004D00C0B50E03C90F8A462E491F035C00C7
:108940008046360B6D0D91463F0B640DDB0F8D425B
:1089500018D08C4211D0002D18D130438446002C01
:108960001ED13A431CD163460020002B30D0514623
:1089700002200139084001382AE039001143EAD0C9
:10898000022025E03043FBD1AC4226D0002C26D17A
:108990003A4324D15146022001390840013817E0FA
:1089A0006246002A0FD09A45E1D1A54205DBBE42BE
:1089B000DDD819D00020BE420AD25046012301382A
:1089C0009843013004E00122013B93431800013039
:1089D0001CBC90469946A246F0BD3A43D0D19A4578
:1089E000C5D1A542C3DCE0E7C845C0D80020C845D2
:1089F000E3D3EDE7FF070000F0B55746DE464E46ED
:108A00004546E0B5834606000F03480087B092460E
:108A10001D003F0B400DCC0F002800D16FE0DE4B56
:108A2000984238D08023FF001B041F43730F3B4341
:108A30000193DA4B0027994600239B46F6008144B8
:108A40002B0369001B0B52469846490DED0F002978
:108A500000D185E0D04B994200D173E04346DA0063
:108A600080231B0413435246CC48520F84461343C1
:108A7000524600206144D20089442100694000919F
:108A80008C46012149448A460F2F00D990E0C44901
:108A9000BF00CF59BF465B463B43019300D06AE11C
:108AA00002230827002681469B46C9E73200584624
:108AB000019B61460091022800D175E0032800D196
:108AC000FEE1012800D02CE100230027002600252C
:108AD0003F032A0D3F0BB34812053A4302401B05E2
:108AE0001343009A5B00D1075B080B433000190069
:108AF00007B03CBC90469946A246AB46F0BD5B46EB
:108B00003B43019300D12FE1002F00D1A5E13800B4
:108B100000F024FE03000B3B1C2B00DD96E11D2220
:108B2000D31A5A460100DA405E4608398F401300D6
:108B30008E403B4301939C4B00271B1A9946002310
:108B40009B467DE7414653460B4393498C46E1449F
:108B5000002B00D01AE102220220174300228CE7EA
:108B6000134300D10DE14346002B00D181E1404683
:108B700000F0F4FD02000B3A1C2A00DD72E1010056
:108B8000434608398B4098461D239A1A5346D340D2
:108B90001A004346134352468A404946081A8249FE
:108BA00089468144002068E77B4B002700268EE73A
:108BB000140C1204120C1100370C3604350C7943D6
:108BC00028008C462E0060436044834656432100B3
:108BD000300C80465846794340440291844506D97A
:108BE0008846802149028C46E04441460291360481
:108BF000010C360C00048B4681191E0C1B041B0C47
:108C00000391190079438C46280075436544A846B2
:108C10005843050C45447743A94203D980214902B2
:108C20008C466744290C8C4639000004000C2D0446
:108C30002D186144AB4405915946049101990F04E4
:108C40003F0C080C390051434243904602008C46C9
:108C5000090C8B4662437C4344445C44A04503D9E1
:108C60008021490288464244210C88466146090415
:108C7000090C8C4639005943434370437E430F0C23
:108C8000F6182404BE19644442448C46B34203D906
:108C900080235B0298464044029B61469846049BB1
:108CA000370443449B46AB45AD416B420D040599E7
:108CB0002D0C8C467F196744FD18A8465D462D197A
:108CC000A542A44193466442A446C344DC448F4277
:108CD000BF4198459B4193459241A445A4415B42C5
:108CE0007F421F43360C52426442BF192243BF18D1
:108CF000624638184302D20D039913436A020A43AD
:108D0000501E82416146ED0D2A434E023243D90185
:108D100000D4B3E00126500832400243DE0732435C
:108D20005B08224C5444002C62DD510709D00F200F
:108D30001040042805D0101D9042924152429B18C9
:108D40000200D90104D580241948E40003405444AA
:108D50001848844200DD27E75E075B02D2081F0B3C
:108D6000630516435B0DB2E60023994601330427E1
:108D700000269B4664E60323019781460C279B4609
:108D80005EE6012201201743002276E6032303203A
:108D90001F43434671E6C046FF07000001FCFFFF8A
:108DA000ECD10000FFFF0F800DFCFFFFFF03000070
:108DB000FFFFFFFEFE0700000023802700933F0314
:108DC0000026434B83E6019B3200A446584670E6DA
:108DD000AC466EE6802701993F0339422DD03B42D5
:108DE0002BD11F433F033F0B00951600384B6EE617
:108DF00001252D1B382D00DD66E61F2D40DC354892
:108E00001C005044160082408440EE40501E8241B7
:108E100034431443EB40620709D00F222240042A56
:108E200005D02200141D9442804140421B181A02B2
:108E30003ED501230027002649E68027019B3F03FA
:108E40001F433F033F0B0094214B40E603005A466B
:108E5000283B9A40002601926DE6584600F07EFCC1
:108E6000203057E603005246283B9A401300002268
:108E700093E6504600F072FC20307BE6CA4650E78D
:108E80001F201E004042041BE640202D03D0124C40
:108E90005444A3401A43501E824132430726002700
:108EA000164009D00F200023104014000428B9D127
:108EB00022005E075B021F0BD2081643002306E662
:108EC00080273F031F433F033F0B1600004BFEE587
:108ED000FF0700001E0400003E040000F8B55746DE
:108EE0004E464546DE460C000903E0B5490A460FEA
:108EF0005F0031431E03DB0F760A9B46530F33435B
:108F0000C84E6500C000E40FD2006D0DA246814638
:108F10007F0D9C469046B74200D1B9E05B460126E2
:108F200073409B46EE1BA34500D183E0002E63DD1A
:108F3000002F00D0B1E06346134300D123E1731E3C
:108F4000002B00D0BAE1861A6346B0428041012569
:108F5000C91A4042091A0B0200D447E149024B0AE0
:108F600098464346002B00D189E1404600F0F6FBCD
:108F70000300083B1F2B00DD7CE120223000D21AC9
:108F80004146D040994002009E400A439D4200DD88
:108F90006AE15D1B6B1C1F2B00DD94E1202110009A
:108FA0003500C91A8E40DA408840DD40711E8E417E
:108FB000110007222843002506433240002A09D029
:108FC0000F233340042B05D0331DB342B641764204
:108FD00089191E000B0200D43DE26A1C914B550515
:108FE0006D0D9A4200D119E18F4AF6080A405707E1
:108FF00052023743120B9BE0002E00D0C5E06E1CDE
:109000007605760D012E00DC48E16746861ACB1BFB
:10901000B042BF417F42B8461F004346FF1A3B00A3
:10902000B8461B0200D55FE137439AD100220024E5
:10903000002579E0002E00DCFAE0002F00D18DE061
:10904000784B9D4267D0802367461B041F43BC4674
:10905000382E00DC52E1634613435A1E93411E181A
:1090600086428041404209180B0200D4BEE06D4B9D
:1090700001359D4200D1D2E06B4A73080A400121BC
:109080000E401E435108D30707221E43324095E786
:109090001E00164300D045E740E7624B9D423AD0A0
:1090A000802367461B041F43BC46382E00DDEBE0DF
:1090B0001F2E00DC3AE133006746203BDF403B00D7
:1090C000202E05D04027BF1B6646BE403243904647
:1090D0004646721E96413343DAE0002B00D114E27B
:1090E0006346134300D168E180234E07C008C908D6
:1090F0001B030643194208D06046C008184204D139
:1091000063460100D2085E071643F3009946C90082
:10911000720F444D11434B46DE08424B4F07374315
:10912000CA089D4200D16EE012036D05120B6D0D51
:1091300000211203130B0A0D12051A433B4B2D0598
:1091400013402B435B00E4075B08234338001900FE
:109150003CBC90469946A246AB46F8BD63461343D5
:1091600011D0731E002B00D007E186188642804183
:1091700061444042091801250B0237D502257BE7DF
:109180003E00614691463500C5E75C46002D00D0A3
:10919000E1E00B000343F3D0731C00D1ACE1214BA1
:1091A0009F4200D13AE1F343382B00DD6FE11F2BE2
:1091B00000DD8CE120250E00ED1AAE40B046060021
:1091C000AA46DE40454635432E005546D940A840C4
:1091D0006346451EA8415B1A9C463043161AB242AC
:1091E000924163465242991A3D00B4E6072232404A
:1091F000002A00D0E4E60B4BF6084F073743CA08B5
:109200009D4200D090E73B00134300D1A6E18023AC
:109210001B031A431203120B024D89E715000022AB
:10922000002785E7FF070000FFFF7FFFFFFF0F809C
:10923000002E00D0C7E06B1C5E05760D012E00DC11
:10924000F0E0C84DAB4200D1B9E085180A00854274
:1092500089416244494251180722CE076D082E43C6
:10926000490832401D00A9E6BF49ED1A1140072206
:109270003240A3E6320028388240002686E63000DD
:1092800000F06CFA203073E6634613435A1E934194
:10929000C61AB04280414042091A5CE60E00674699
:1092A00006431743002D5ED1002E00D0F3E0002FBF
:1092B00000D11EE15C46614691462CE7A94FBE42B3
:1092C0007BD01E00F1E610001F3DE840202B03D0AC
:1092D0004021CB1A9A401643731E9E410722064333
:1092E00032400021002583E7161A6346B2428041CE
:1092F000591A40420B1A98465C4632E61F2E00DD92
:10930000ABE02027BB1B9A4663465746BB409946B5
:1093100013004F46F3401F433B005746BA40571EC9
:10932000BA4113436246F240891898E62027BB1BD6
:109330009A4663465746BB40994613004F46F34052
:109340001F433B005746BA40571EBA41134362467B
:10935000F240891A9CE7834B9F425FD080252D0401
:109360007342294320E7002E0CD1002F00D1D0E01A
:109370005C46614691467B4DCDE67A4FBE421CD09D
:109380001E0065E6002F18D0C0084E070643802057
:10939000C9080003014208D06346DC08044204D136
:1093A0002100DA46D2085E071643F30099460124ED
:1093B0005346C900720F11431C406A4DABE61D00B5
:1093C00000220027B4E6002D59D10B00034300D141
:1093D000D6E6731C00D1B2E0624B9F421ED0F3432D
:1093E000382B6FDC1F2B00DD97E020250E00ED1AD7
:1093F000AE40B0460600AA46DE40454635432E0044
:109400005546A840D940451EA8418C440643B6188D
:1094100096429241514261443D0025E63D0061463D
:10942000914678E60B000343002D00D055E6002B53
:10943000F5D06346134300D16DE68618864280411D
:1094400061444042091800220B0200D4D0E6464B8A
:1094500001351940B2E5B1465DE633006746203B71
:10946000DF403B00202E05D04027BF1B6646BE4094
:10947000324390464646721E96413343EFE5394BE0
:109480009F42CBD080252D0473422943A8E708438F
:10949000411E8841A2E6002F00D13CE66346861AB1
:1094A000CF1AB0429B415B42FB1A98461B024ED535
:1094B000161A6346B2429241591A5242891A5C46C0
:1094C00000227BE501430E00711E8E419FE71D00C7
:1094D0000E00203DEE40B046202B04D04025EB1A74
:1094E00099400843814648464346411E88411843F7
:1094F00074E60022002417E6161A6346B24292412F
:10950000591A5242891A3D0025E561469146154D8A
:1095100001E680220024120379E61D000E00203DA2
:10952000EE40B046202B04D04025EB1A994008436A
:1095300081464E464346711E8E411E4367E786189C
:1095400096429B4161445B42C9183D008CE5474609
:109550003743CED007224146324049E600273A0041
:10956000E6E5C046FF070000FFFF7FFF70B50C4E29
:109570000D031C0349005B002D0B490D240B5B0DF3
:10958000B14208D0064900208B4203D11443200089
:10959000441EA04170BD05430120002DFAD1F1E722
:1095A000FF07000030B5144D0A034B00120B5B0D92
:1095B000C90F0024AB4211DD104CA34210DC802403
:1095C000640322430E4CE41A1F2C0CDD0D48C31A11
:1095D000DA4013005C42002900D11C00200030BD9D
:1095E000094BCC18FAE7094DE040AC4663449A4079
:1095F00013000343EEE7C046FE0300001D04000015
:109600003304000013040000FFFFFF7FEDFBFFFFAA
:1096100070B500282DD0C317C5185D40C40F2800B1
:1096200000F09CF8154B1B1A5B055B0D0A2815DD35
:109630000B38854000222D032D0B002110002D0337
:109640000A0D2D0B12052A430D4D1B052A4013430D
:109650005B00E4075B082343190070BD020029008A
:10966000153291400A000B21081AC5402D032D0B1D
:10967000E3E70024002300250022DEE71E040000AB
:10968000FFFF0F8010B5041E25D000F067F8144BC3
:109690001B1A5B055B0D0A2812DD0B388440002283
:1096A0002403240B0021100024030A0D240B1205AF
:1096B00022430C4C1B05224013435B00590810BD8C
:1096C00002002100153291400A000B21081AC44003
:1096D0002403240BE6E7002300240022E2E7C0462F
:1096E0001E040000FFFF0F808446081C6146FFE750
:1096F0001FB500F0C7F8002801D40021C8421FBDE3
:1097000010B500F049F84042013010BD10B500F02E
:10971000B9F8002801DB002010BD012010BDC046B3
:1097200010B500F0AFF8002801DD002010BD0120C9
:1097300010BDC04610B500F057F8002801DC00202D
:1097400010BD012010BDC04610B500F04DF8002836
:1097500001DA002010BD012010BDC0461C210123EC
:109760001B04984201D3000C10391B0A984201D304
:10977000000A08391B09984201D30009043902A2E2
:10978000105C40187047C046040302020101010149
:10979000000000000000000070B542004E024C00C6
:1097A00045026D0A120EC30F760A240EC90FFF2A56
:1097B0000FD0FF2C11D00120A24200D070BDB542C5
:1097C000FCD18B420DD0002AF8D12800451EA841BB
:1097D000F4E70120002DF1D1EBE70120002EEDD1BF
:1097E000E9E70020EAE7C04670B54A004E024502AC
:1097F00044006D0A240EC30F760A120EC90FFF2C07
:1098000015D0FF2A0ED0002C15D1002A01D1002E30
:109810001CD0002D14D08B4227D00220013B1840D1
:10982000013870BD002EEED002204042F9E7002D35
:10983000FAD1FF2A0ED0002A0ED1002EEDD00BE077
:1098400001230139994308000130EAE70020002D87
:10985000E7D0E2E7002EE7D18B42DED1944205DD6E
:109860000221581E08400138DBE70024A24204DC34
:10987000B542D2D80020B542D3D2581E0123984316
:109880000130CEE730B5420044024D02C30F48001C
:10989000640A120E6D0A000EC90FFF2A12D0FF28AB
:1098A0000CD0002A12D1002819D1002D17D1002C7C
:1098B0002BD00220013B1840013826E0002DF0D0CB
:1098C000022022E0002CFBD1FF281FD000281FD14E
:1098D000002D1DD10220013B1840013815E0002C5D
:1098E0000ED08B42E5D10022904204DCAC42E0D89D
:1098F0000020AC4209D2581E01239843013004E0F5
:109900000123013999430800013030BD002DD7D122
:109910008B42CED18242E7DD0221581E0840013839
:10992000F3E7C04630B51C00094B05001B6885B045
:10993000D868084B002A01D1074B1A000292019304
:1099400000912B002200054900F00AF801F0BEF852
:10995000940000202CD2000082CF000039D20000F9
:109960000EB403B5010003AB044804CB00680193B7
:1099700000F094F902B008BC03B01847940000202E
:1099800070B500260C4D0D4C641BA410A64209D1E5
:10999000002602F095FE0A4D0A4C641BA410A64254
:1099A00005D170BDB300EB5898470136EEE7B30020
:1099B000EB5898470136F2E7640200206402002069
:1099C000640200207C02002010B5034B0A00010055
:1099D000186800F097F810BD9400002010B5034BF4
:1099E0000100186800F0D4F810BDC04694000020B3
:1099F00010B5034B0100186800F03AF810BDC046DE
:109A00009400002082B0002900D101A9101E06D0C8
:109A1000002B06D013780B601078431E984102B0DB
:109A2000704702204042FAE7002310B59A4200D165
:109A300010BDCC5CC4540133F8E710B5884202D99C
:109A40008B18984203D3002307E08B5C8354013AC0
:109A5000FBD210BDCC5CC45401339A42FAD1F8E772
:109A600003001218934200D1704719700133F9E7CF
:109A700070B50500002910D00C1F2368002B00DAF8
:109A8000E418280002F0C5F81D4A1368002B05D120
:109A900063601460280002F0BDF870BDA34209D9CC
:109AA000216860188342F3D118685B68411821600F
:109AB000EEE713005A68002A01D0A242F9D91968CA
:109AC0005818A0420BD12068091858181960824212
:109AD000E0D110685268411819605A60DAE7A04274
:109AE00002D90C232B60D5E721686018824203D18C
:109AF000106852684118216062605C60CAE7C04625
:109B00005C120020F8B54B1E0600194202D0002559
:109B10002800F8BD0F00082900D20827042A00D227
:109B200004220323390003329A430839891830008C
:109B3000140000F02DF80028E9D004380368002B49
:109B400000DAC018011D7B1ECB187D421D406B1A28
:109B50000AD0C7180B2B17D90268D21A3A600360D3
:109B60003000FFF785FF3800220003680C32C1186F
:109B7000AA189142CCD929190A1A9B1A026008C165
:109B80003000FFF775FFC3E75B423B60ECE7000086
:109B9000032370B5CD1C9D43083506000C2D1ED245
:109BA0000C25A9421DD8300002F033F8254A14686C
:109BB0002100002919D1244C2368002B03D1300047
:109BC00000F0E0FD20602900300000F0DBFD431CC8
:109BD0002BD10C233000336002F01CF803E0002D81
:109BE000DFDA0C233360002070BD0B685B1B19D4D7
:109BF0000B2B03D90B60CC18256003E04B688C421B
:109C00000DD11360300002F005F8200007220B3060
:109C1000231D9043C31AE7D05A42E250E4E7636041
:109C20000C00EFE70C004968C3E70323C41C9C4306
:109C3000A042E1D0211A300000F0A4FD431CDBD18A
:109C4000C7E7C0465C12002060120020936810B580
:109C5000013B9360002B04DA9469A34207DB0A29D5
:109C600005D01368581C10601970080010BD00F072
:109C700041FE0100F9E7F8B506000F001400D51801
:109C8000AC4201D1002007E021783A003000FFF714
:109C9000DDFF0134431CF3D1F8BD0000F0B59FB0E7
:109CA00002900F0016000593002805D083690493E5
:109CB000002B01D101F082FE7B4B9F425BD1029BC6
:109CC0005F68BB891B0762D53B69002B5FD000230F
:109CD00006AC6361203363761033A37635002B78AE
:109CE000002B01D0252B5CD1AB1B04930CD0320090
:109CF00039000298FFF7BFFF431C00D1C4E062693E
:109D0000049B9446634463612B78002B00D1BBE035
:109D1000012200235242626002A9543252186E1C82
:109D20002360E360A3601370A365317805225F4868
:109D300001F064FF751C002835D12268D30604D5D4
:109D4000532302A95B1820211970130704D553234C
:109D500002A95B182B21197033782A2B2CD03500DF
:109D600000210A20E3682A786E1C303A092A64D957
:109D700000292ED026E04E4B9F4202D1029B9F68C5
:109D80009FE74C4B9F429CD1029BDF6899E73900CB
:109D9000029800F025FE002899D0012040421FB013
:109DA000F0BD01359BE7414B2268C01A0123834077
:109DB000134323602E00B8E7059B191D1B6805910E
:109DC000002B01DB099304E05B42E36002231343B1
:109DD00023602B782E2B0AD16B782A2B35D1059B4B
:109DE00002351A1D1B680592002B2BDB0793324EA0
:109DF00029780322300001F001FF002806D040231B
:109E0000801B834022680135134323602978062292
:109E10002A486E1C217601F0F1FE00283AD0284B2A
:109E2000002B25D10722059B073393430833059365
:109E30006369039A9B18636150E7434301219B18B0
:109E4000350090E701235B42D0E700230A201A0087
:109E50000135636029786E1C3039092903D9002B3C
:109E6000C5D00792C3E74243012352183500F1E7FA
:109E700005AB00933A00134B2100029800F0C0F8A4
:109E80000390039B0133D3D1BB895B0600D584E7E4
:109E90000B9884E705AB00933A000A4B2100029827
:109EA00000F068FBECE7C046E8D3000074D2000085
:109EB00008D40000C8D300007AD200007ED200008F
:109EC00001A00000779C0000F0B58BB014001D1EAF
:109ED000129953DA802424061B191D0014002D2327
:109EE0000B702023149E03229E43462E07D033007E
:109EF000453B59424B411099013ACB18109309AB9D
:109F0000049308AB0393139B00920293109B2200CF
:109F100001932B0000F07AFE0700472E02D1119B1F
:109F2000DB0724D5109BFB180793462E14D13B78F2
:109F3000302B0CD10022002320002900FDF7E2F88D
:109F4000002804D10123109A9B1A139A1360139BC3
:109F5000079A1B68D31807930022002320002900CA
:109F6000FDF7D0F8302200280DD0079B0993380068
:109F7000099B159ADB1B13600BB0F0BD0023AFE704
:109F8000591C09911A70099B07998B42F8D3EEE787
:109F9000F0B5831C85B0019306000C0002702B23E2
:109FA000002901DA2D234C427370092C22DD02AB0B
:109FB000DD1D20000A21FDF78FF86F1E303139704A
:109FC00020000A21FCF7A2FF040009280BDC023D57
:109FD0003034019B2C7002AA07321800AA4204D820
:109FE000801B05B0F0BD3D00E3E72A7801351A700B
:109FF0000133F0E73023E418B370301DF470EFE75D
:10A00000F0B595B00C000A920B931A9D099001F0DF
:10A0100069FD036818000C9300F064FC00231293A0
:10A0200023680E900D930D99277E2B680722C90592
:10A0300045D59B1893431A0008322A601A685B685A
:10A04000A264E3640122E56CA66C6B005B080F93CD
:10A050005242AC4B30000F99FFF788FA002830D1FC
:10A060000122A84B524230000F99FDF75BF80028FF
:10A0700027D10022002330002900FDF749F80028ED
:10A0800003D023002D2243331A709F4D472F00D851
:10A090009E4D032300260D9A236101339A432260CB
:10A0A0000B9B13AA009321000A9B099800F0F4F976
:10A0B000431C00D093E00120404215B0F0BD0733AF
:10A0C000B8E732002B0030002900FFF74FFA0028D4
:10A0D00004D08F4D472FDCD88E4DDAE780230D99C1
:10A0E0006268DB000B43511C43D10732626012AA45
:10A0F0000021059211AA0392232223600691019365
:10A1000008A9636852180292009332002B0004974A
:10A110000998FFF7D9FE20233A0005009A43472A01
:10A1200007D1119BDA1C02DB6268934245DD023FD6
:10A13000FFB21199652F25D8200001393A0050301F
:10A140001191FFF725FF129A060013182361012AC7
:10A1500002DC2268D20701D501332361232308AA38
:10A160009B181B78002B9BD023002D2243331A70A1
:10A1700096E7672F00D176E1472FB8D1002AB6D1F4
:10A180000122B3E7662F19D1636800290CDD216134
:10A19000002B02D12268D20702D501335B1823615C
:10A1A000119B0026A365D9E7002B03D1012221686A
:10A1B000114200D09A1C2261F2E76727119B129A84
:10A1C000934205DB22682361D207E9D50133E6E734
:10A1D0000121002B01DC4918C91A5218EBE722684B
:10A1E000530508D423692A000A9909980B9DA847AA
:10A1F000431C29D15FE7652F00D8E0E0A06CE16C3B
:10A2000000220023FCF77EFF002834D00123424ABD
:10A210000A9909980B9DA847431C00D14BE7119B55
:10A22000129A934202DB2368DB070DD50B9D0E9B30
:10A230000C9A0A990998A8470025431C00D13AE7CF
:10A24000129B013BAB420ADC23689B0700D508E167
:10A25000139BE068984200DB2FE718002DE72200EF
:10A2600001231A320A9909980B9EB047431C00D16A
:10A2700021E70135E4E7119B002B2DDC0123264A61
:10A280000A9909980B9EB047431C00D113E7119B14
:10A29000002B05D1129B002B02D12368DB07D3D5FD
:10A2A0000B9E0E9B0C9A0A990998B0470026431CF6
:10A2B00000D100E7119B5B42B34201DC129B92E7A5
:10A2C000220001231A320A9909980B9FB847431CB0
:10A2D00000D1F0E60136EDE7A36D129F9F4200DD4D
:10A2E0001F00002F08DD3B002A000A9909980B9EE9
:10A2F000B047431C00D1DEE600230D93FB43DB1780
:10A300000F9318E0FFFFEF7F89D2000085D2000095
:10A3100091D200008DD2000095D2000022000123CE
:10A320001A320A9909980B9EB047431C00D1C2E625
:10A330000D9B01330D930F9BA66D0D9A3B40F31AB5
:10A340009342EBDC119B129AAD19934210DB236808
:10A35000DB070DD4129F119BBE1BFF1AB74200DD15
:10A360003700002F0DDCFE43F31700250C931CE093
:10A370000E9B0C9A0A9909980B9FB847431CE9D188
:10A3800099E63B002A000A9909980B9DA847431CAF
:10A39000E9D190E6220001231A320A9909980B9E0E
:10A3A000B047431C00D186E60135119A129B0C99E7
:10A3B0009B1A3A000A409B1AAB42EBDC44E7129B23
:10A3C000012B02DC01231A4232D001232A000A9910
:10A3D00009980B9FB847431C00D16CE60E9B0C9A62
:10A3E0000A9909980B9F0135B847431C00D162E6D2
:10A3F000A06CE16C129B00225F1E0023FCF782FE22
:10A400003B00002814D000250AE0220001231A3264
:10A410000A9909980B9FB847431C00D14BE60135B8
:10A42000129B013BAB42F0DC220033005032DBE6F2
:10A430002A000A9909980B9DA847431CF4D13AE6D3
:10A440002200012319320A9909980B9EB047431C38
:10A4500000D130E60135E368139A9B1AAB42EFDC7A
:10A46000F6E60025F7E7002A00D189E600210691EB
:10A4700012A9059111A90391232108A809182360A5
:10A48000019300922B000497029132000998FFF784
:10A490001BFD050045E6C046F7B5150001938A6827
:10A4A0000B6900900C00934200DA130022002B602D
:10A4B00043321278002A01D001332B6023689B06B7
:10A4C00002D52B6802332B60062723681F4027D054
:10A4D000230043331B785A1E93412268920630D4DE
:10A4E0002200019943320098089EB047431C25D0B2
:10A4F000062320682A68E16803400025042B03D165
:10A500008D1AEB43DB171D40A3682269934201DDDE
:10A510009B1AED180027BD4220D1002010E0013722
:10A52000E3682A689B1ABB42D2DD2200012319325C
:10A5300001990098089EB047431CF0D10120404289
:10A54000FEBD3020E1184331087021005A1C45310E
:10A550000978A218433202331170C1E722000123A7
:10A560001A3201990098089EB047431CE6D0013783
:10A57000D1E70000F0B589B004920A004332059398
:10A58000039002920A7E0C000E9B6E2A00D186E098
:10A590001FD8632A33D008D8002A00D18CE0582A6B
:10A5A0004DD0250042352A7030E0642A01D0692A56
:10A5B000F7D1196825680A1D280629D508681A6088
:10A5C000002803DA2D23029A404213706B4E0A27AB
:10A5D0004FE0732A74D008D86F2A1FD0702AE0D1B8
:10A5E000202209680A43226003E0752A16D0782ADF
:10A5F000D7D12200782145321170614E22E025002A
:10A600001A684235111D196013682B70012365E02B
:10A6100008681A606906D3D500B2D1E719682568C1
:10A62000081D186008682E0605D5544E08276F2AA5
:10A630001BD00A2719E06D06F7D580B2F5E7453142
:10A640004E4E0A7018682268011D006819601506D0
:10A6500021D5D30702D520231A43226010270028D2
:10A6600003D1202322689A4322602300002243332F
:10A670001A706368A360002B58DB042221689143A1
:10A680002160002854D1029D002B5AD02500337838
:10A6900042352B7055E05506DBD580B2D9E71A68F4
:10A6A0000D68101D4969186013682E0601D51960E0
:10A6B00002E06D06FBD519800023029D23614FE067
:10A6C0001A68111D1960156800216268280001F0E0
:10A6D00095FA002801D0401B606063682361002365
:10A6E000029A13703CE023692A0004990398059D9F
:10A6F000A847431C3ED023689B0715D4079BE068FE
:10A70000984239DA180037E02200012319320499FF
:10A710000398059EB047431C2CD00135E368079A87
:10A720009B1AAB42F0DCE9E70025F7E70028ADD043
:10A73000029D3900FCF7E6FB735C013D2B7000289D
:10A74000F7D1082F09D12368DB0706D56368226992
:10A75000934202DC3023013D2B70029B5B1B236183
:10A76000059B07AA00932100049B0398FFF794FE22
:10A77000431CB8D10120404209B0F0BD97D200007F
:10A78000A8D20000002370B5064C05000800236025
:10A7900001F07EFF431C03D12368002B00D02B6007
:10A7A00070BDC046681200200CB430B5164B9DB089
:10A7B0000C1E1D6808DA8B2301202B6040421DB05F
:10A7C00030BC08BC02B01847822302A99B008B81D1
:10A7D0000023029008619C4200D0631E8B604B6195
:10A7E00001235B42CB81209A21AB2800019301F029
:10A7F0008FFD431C01DA8B232B60002CDFD000235C
:10A80000029A1370DBE7C046940000200EB400B536
:10A810000B499CB01DAB029006900791049109482A
:10A82000094904CB0591006802A9019301F070FD6C
:10A830000023029A13701CB008BC03B01847C0462E
:10A84000FFFFFF7F940000200802FFFF70B50C009F
:10A850000E25495F01F05AFE002803DB636D1B18CB
:10A86000636570BDA389024A1340A381F9E7C0461E
:10A87000FFEFFFFFF8B51F008B8905000C001600E5
:10A88000DB0505D50E23C95E0022022301F036F94F
:10A89000A389054A28001340A38132000E23E15EFC
:10A8A0003B0000F089F8F8BDFFEFFFFF70B50C002A
:10A8B0000E25495F01F022F9A389421C03D1054A04
:10A8C0001340A38170BD802252011343A3816065B0
:10A8D000F8E7C046FFEFFFFF10B50E23C95E00F09A
:10A8E000FDF810BD0023C25C0133002AFBD1581EC5
:10A8F00070470000F8B505000E001400002804D0D1
:10A900008369002B01D101F059F8224B9C422DD1D3
:10A910006C68A369A360A3891B0731D52369002B49
:10A920002ED023682269F7B2981A6369F6B283427F
:10A9300005DC2100280000F0D3FF002826D1A36801
:10A940000130013BA36023685A1C22601F706369B9
:10A95000834204D0A389DB071AD50A2E18D121001F
:10A96000280000F0BDFF002812D00FE00A4B9C42E7
:10A9700001D1AC68CDE7094B9C42CAD1EC68C8E76D
:10A980002100280000F02CF80028CAD001267642C9
:10A990003000F8BDE8D3000008D40000C8D30000A0
:10A9A0000B1E04D0FF2A04D98A2303608B3B1800B6
:10A9B00070470A700123FAE770B50500080011001E
:10A9C0000022064C22601A0001F070FE431C03D1E5
:10A9D0002368002B00D02B6070BDC0466812002099
:10A9E000364B70B51D6806000C00002D05D0AB6914
:10A9F000002B02D1280000F0E1FF314B9C420FD127
:10AA00006C680C23E25E93B219072DD4D90611D4D9
:10AA100009230120336037331343A381404270BDC3
:10AA2000284B9C4201D1AC68EBE7274B9C42E8D114
:10AA3000EC68E6E75B0713D5616B002908D02300BB
:10AA40004433994202D03000FFF712F800236363C9
:10AA50002422A3899343A381002363602369236095
:10AA60000823A2891343A3812369002B0BD1A021C2
:10AA70008022A389890092000B40934203D02100D9
:10AA8000300001F077F80123A289134011D0002390
:10AA9000A36063695B42A361002023698342BED146
:10AAA0000C23E25E1306BAD540231343A381013879
:10AAB000B5E7920700D46369A360EDE79400002036
:10AAC000E8D3000008D40000C8D3000010B5062069
:10AAD00001F05AFD012001F0F1FD0000002370B5E6
:10AAE000064C05000800236001F09AFD431C03D1C9
:10AAF0002368002B00D02B6070BDC0466812002078
:10AB0000F0B503690C6989B0070005910026A342DE
:10AB100065DB0B00013C1433A50003935B19049320
:10AB20000300143302935D19049B28681B68591CA9
:10AB30000193FCF761F90190B04229D0039B029880
:10AB40009C460696624608CA9446019A99B25143B9
:10AB50001B0C534389190A0C9B1807931E0C03689E
:10AB600089B29AB2069BD2180368521A190C6B4626
:10AB70009B8BCB1A11145B18191492B21B041A4345
:10AB8000049B069104C06345DCD22B68002B2DD0BA
:10AB90000599380001F054FA00281FDB0025019BBD
:10ABA0000298013303990193026808C992B25519BA
:10ABB0009AB2AA1A05681B0C2D0CEB1A15145B1916
:10ABC0001D1492B21B04134308C0049B8B42EBD2AA
:10ABD000029AA300D3181A68002A11D0019E3000EF
:10ABE00009B0F0BD2B68002B04D1013C029B043D51
:10ABF000AB42F7D33C61CBE71A68002A04D1013C91
:10AC0000029A043B9A42F7D33C61E7E7F0B516009D
:10AC10001F00446A9BB00290239D06960797002C64
:10AC200008D11020FEF7DAFE029B5862446084606F
:10AC30000460C460029B5B6A196800290BD05A68E3
:10AC4000012393404A608B60029801F01CF80022B7
:10AC5000029B5B6A1A60002F20DA01232B607B00C5
:10AC60005B080793079CB24B220017931A409A4245
:10AC700017D1B04B229A1360069B002B03D12403FB
:10AC800001D100F087FDAC4B249A0893002A02D032
:10AC9000AA4B249A136008981BB0F0BD00232B60C8
:10ACA000E0E7069E079F0022002330003900FCF7F2
:10ACB00029FA051E0BD00123229A1360A04B249A77
:10ACC0000893002AE7D09F4A24990A60E3E718AB6B
:10ACD000019319AB009332003B00029801F02EFA69
:10ACE000630003905B0D74D03A03974C120B14432E
:10ACF0002100964A300016959E180022944BFEF7CC
:10AD0000EDF8944A944BFDF777FE944A944BFCF788
:10AD10004DFF040030000D00FEF77AFC914A924B83
:10AD2000FDF76AFE02000B0020002900FCF73EFF41
:10AD300004000D00FEF736FC00220700002320006F
:10AD40002900FCF7E5F9002809D03800FEF760FC7F
:10AD50002B002200FCF7D6F9434258413F1A012349
:10AD60001493162F0DD88149FB00C918086849684B
:10AD7000069A079BFCF7E0F9002846D00023013F24
:10AD80001493189B9E1B00230A933300013B0B93E3
:10AD900004D501239B1B0A9300230B93002F36DB62
:10ADA0000B9B1197DB190B9300230493209B012429
:10ADB000092B00D984E0052B02DD0024043B2093FD
:10ADC000209B981E032800D984E0FCF70BF87577C8
:10ADD000286A189B199A9E18654BF218202A0FDDD5
:10ADE00040239B1A9C40634B0698F318D84020439D
:10ADF000FEF748FC0123604C013E091916937CE7DD
:10AE0000202306989B1A9840F2E71490B9E70A9B12
:10AE1000DB1B0A937B42049300231193C6E70123B3
:10AE20000D93219B002B59DD0C930993029A556ACF
:10AE300000226A600432100014306968984252D9C6
:10AE4000029800F0E8FE029B28605B6A1B6808938A
:10AE5000099B0E2B00D90AE1002C00D107E1069BCB
:10AE6000079C12931394002F00DC89E00F213A0015
:10AE70003E4B0A40D2009B181D685E6802233C11BD
:10AE80000E93E3060BD53D4B0C401A6A5B6A129891
:10AE90001399FDF7A7F90323069007910E9300235A
:10AEA0003AE001230D93219BFB180C930133099386
:10AEB000002BBBDC0123B9E70023B1E70023F1E756
:10AEC00000230D942093013B00220C93099313332C
:10AED0002192ABE701230D93023BF5E701230C938D
:10AEE00009931A00F4E7013169605200A3E70123D6
:10AEF0001C420ED00E9B214A01330E93109B28005A
:10AF0000DB009B1831001A685B68FDF775FD0500D2
:10AF10000E00109B641001331093002CE7D10698AB
:10AF200007992A003300FDF75DF90690079142E08A
:10AF30000000F07F0F270000C3D30000C6D300003D
:10AF400095D2000096D200000000F03F01FCFFFF08
:10AF50000000F83F61436F63A787D23FB3C8608B9F
:10AF6000288AC63FFB799F501344D33F50D400003A
:10AF70003204000012040000000010FE28D400007B
:10AF800002230E93002F16D0129813997C420D3392
:10AF90002340CE4ADB00D3181A685B68FDF72CFD0E
:10AFA000002301261D00069007912411002C00D0DB
:10AFB0008CE0002BB9D1149B002B00D196E0069CAD
:10AFC000079D0022C24B20002900FCF7A1F80028B1
:10AFD00000D18BE0099B002B00D187E00C9B002B5C
:10AFE00041DDBC4B002220002900FDF705FD0E9B32
:10AFF0000690079101330E930C9B7E1E0E981093C2
:10B00000FEF706FB069A079BFDF7F6FC0022B24B03
:10B01000FCF7CCFDB14A0E900F910E9C0F9D94460B
:10B020000F9B634415931D00109B002B61D1069864
:10B0300007990022AA4BFDF751FF2200159B0690AD
:10B040000791FCF779F8002800D0A8E2A5480F99ED
:10B05000844661440B00069807992200FCF758F8D3
:10B06000002800D095E2129B139C06930794199B2D
:10B07000002B00DA5CE10E2F00DD59E1934BFA0062
:10B080009B185C681B6804930594219B002B00DBD4
:10B09000D8E0099B002B00DDD4E000D07DE20498CD
:10B0A000059900228E4BFDF7A7FC069A079BFCF73B
:10B0B0004DF8099B04931E00002800D04FE2089B26
:10B0C000089A5D1C3123013713704BE234420AD0D9
:10B0D0000E9B854A01330E93EB009B181A685B6840
:10B0E000FDF78AFC3300641001355FE73E00099BE1
:10B0F00084E7109B0D995A1E744BD2009B181A6856
:10B100005B68002949D000207849FDF76BF82B00D7
:10B110002200FDF7E3FE089B0E900F911593069811
:10B120000799FEF73FFA0400FEF772FA02000B00DF
:10B1300006980799FDF7D2FE159B30345D1C1C70F4
:10B140000E9A0F9B06900791FBF7E2FF00286CD147
:10B15000069A079B00205E49FDF7C0FE0E9A0F9BE2
:10B16000FBF7D6FF002800D0C3E0089B109AEB1A2B
:10B170009A4200DC77E70E980F990022554BFDF7B5
:10B180003BFC00220E900F9106980799514BFDF75A
:10B1900033FC159506900791C1E720002900FDF7C3
:10B1A0002BFC089C109A230094460E900F91634448
:10B1B000159306980799FEF7F5F90500FEF728FAAA
:10B1C0000B00020006980799FDF788FE3035159BA5
:10B1D0002570013406900791A3422AD10E980F9949
:10B1E000089A109B9446634400221D003F4BFCF7D5
:10B1F000DDFC02000B0006980799FBF79DFF002875
:10B2000000D076E00E9A0F9B00203849FDF766FECD
:10B2100002000B0006980799FBF77AFF002800D17F
:10B2200021E76B1E1A78302A01D037003FE01D005D
:10B23000F7E7069807990022264BFDF7DDFB0690FD
:10B240000791B6E7089E049A059B06980799FCF7B4
:10B25000C9FFFEF7A7F90400FEF7DAF9049A059B87
:10B26000FDF7CAFB02000B0006980799FDF736FEB2
:10B27000230030333370099A089B751CEB1A9A42ED
:10B2800048D102000B00FCF791FC049A059B069044
:10B290000791FBF751FF00282AD1049A059B0698D5
:10B2A0000799FBF72FFF002801D0E30720D403996B
:10B2B000029800F0E8FC00232B70229B01371F60EE
:10B2C000249B002B00D1E6E41D60E4E450D4000090
:10B2D0000000F03F0000244000001C400000C0FCC3
:10B2E000000014400000C07C28D400000000E03FB3
:10B2F0003E006B1E1A78392A06D1089A9A4207D165
:10B3000030231370130001361A7801321A708CE75B
:10B310001D00EEE70022A44BFDF76EFB0022002388
:10B32000069007912E00FBF7EDFE00288BD0BEE7BC
:10B330000D9A002A00D1DAE0209A012A00DDBDE052
:10B34000169A002A00D1B5E0984A9B18049D0A9CE1
:10B350000A9A0121D2180A920B9A0298D3180B93D9
:10B3600000F031FD0600002C0EDD0B9B002B0BDDE9
:10B370000B9A2300944200DD13000A9AE41AD21AB1
:10B380000A920B9AD31A0B93049B002B1FD00D9B90
:10B39000002B00D1AFE0002D11D031002A0002981F
:10B3A00000F0AAFD039A01000600029800F014FDC7
:10B3B00003991090029800F066FC109B0393049B85
:10B3C0005A1B04D00399029800F096FD03900121C6
:10B3D000029800F0F8FC119B0490002B00D1E3E1EF
:10B3E0001A000100029800F087FD209B0490012BB9
:10B3F00000DD82E00025069BAB420ED1079B1B03BC
:10B40000AB420AD1179B079A134206D00A9B01351B
:10B4100001330A930B9B01330B93119B0120002BEB
:10B420006CD10B9B18181F2318407ED001331B1AB8
:10B43000042B70DD1C23181A0A9B24181B180A936E
:10B440000B9B1B180B930A9B002B05DD1A0003991D
:10B45000029800F0A3FD03900B9B002B05DD1A0062
:10B460000499029800F09AFD0490149B002B5ED082
:10B470000499039800F0E4FD002858DA00230A221A
:10B480000399029800F018FC0D9B013F0390002BDC
:10B4900000D190E1002331000A22029800F00CFC58
:10B4A0000C9B0600002B00DD88E0209B022B00DCBB
:10B4B00084E044E03623189A9B1A47E7099B5D1EF7
:10B4C000049BAB4208DB5D1B099B002B0CDA0A9B3B
:10B4D000099A9C1A00233BE7049B0495EA1A119BE6
:10B4E00000259B181193EFE70A9C099B30E7049D08
:10B4F0000A9C0D9E37E7049A64E70025049B049A92
:10B500001B69109303339B00D318586800F012FC9A
:10B510002023181A85E7042B95D00A9A1C33D218D9
:10B520000A920B9AE418D3188CE70300F5E7099BFD
:10B53000002B3DDC209B022B3ADD099B0C930C9BDE
:10B54000002B0CD104990522029800F0B5FB049061
:10B550000100039800F074FD002800DDAFE5219B99
:10B56000089DDF43002309930499029800F08BFBA8
:10B57000002E00D19BE6099B002B05D0B34203D0DF
:10B580001900029800F07FFB3100029800F07BFB6D
:10B590008DE6109B04931E00E1E70023FAE7109B61
:10B5A000370004931E008AE50000244033040000A5
:10B5B0000D9B002B00D1B2E0099B0C93002C05DD04
:10B5C00031002200029800F0E9FC06003000002D56
:10B5D00011D07168029800F01EFB3100040033693D
:10B5E0000C319A1C92000C30FEF71EFA0122210049
:10B5F000029800F0D3FC09960600089B0A93049970
:10B600000398FFF77DFA09990D900400039800F064
:10B6100017FD320010900499029800F02BFD0123D1
:10B620000B93C36830340500002B04D1010003984C
:10B6300000F006FD0B902900029800F024FB0B9B04
:10B64000209A13430ED1069A013313420AD1392CA2
:10B6500026D0109B002B01DD0D9C31340A9B5D1C14
:10B660001C7081E7109B002B07DB1D00209B1D43F6
:10B6700022D10123069A13421ED10B9B002BEDDD34
:10B6800003990122029800F089FC0499039000F0CC
:10B69000D7FC002802DCE1D1E307DFD5392CDBD170
:10B6A0000A9B0A9A5D1C392313706B1E1A78392A7B
:10B6B00067D001321A7057E70A9B5D1C0B9B002B69
:10B6C00004DD392CECD001340A9BC9E70A9B0C9AA3
:10B6D0001C70089BEB1A93423ED000230A22039968
:10B6E000029800F0E9FA099B0390B34209D10023C4
:10B6F0000A220999029800F0DFFA099006000A95DB
:10B700007DE7099900230A22029800F0D5FA002368
:10B7100009900A223100029800F0CEFAEEE7099B68
:10B720000C93089B069304990398FFF7E9F9069B8D
:10B7300030305D1C18700C9A089B0400EB1A9A427A
:10B7400008DD00230A220399029800F0B5FA069555
:10B750000390E8E70023099303990122029800F07F
:10B760001DFC0499039000F06BFC00289DDC01D1C6
:10B77000E3079AD46B1E1A78302A00D0F4E61D0035
:10B78000F8E7089A9A4203D1312301371370EBE6A8
:10B790001D008AE70B4B249A08930B4B002A01D01B
:10B7A000FFF777FAFFF777FA209B012B00DC21E601
:10B7B000119D012035E60C9B002BB2DC209B022B57
:10B7C000AFDDBCE6BAD30000C2D30000F7B58A896A
:10B7D00005000C00130760D44B68002B04DC0B6CD5
:10B7E000002B01DC0020FEBDE76A002FFAD0002309
:10B7F0002E682B6080235B01216A1A4034D0606D73
:10B80000A3895B0706D56368C01A636B002B01D060
:10B81000236CC01A0200216A00232800E76AB84797
:10B82000A189431C06D12B681D2B30D82B4ADA4046
:10B83000D3072CD50023636023692360CB0405D58F
:10B84000431C02D12B68002B00D16065616B2E6018
:10B850000029C7D023004433994202D02800FEF7C4
:10B8600007F900206063BEE701232800B847431CA6
:10B87000C6D12B68002BC3D01D2B01D0162B01D1B4
:10B880002E60AFE74023A2891343A381ABE7402397
:10B890000B430120A3814042A5E70F69002FA1D0EF
:10B8A0000B680F60DB1B01930023920700D14B69EB
:10B8B000A360019B002B00DC94E7019B3A00216A06
:10B8C0002800A66AB047002803DC4023A28913435E
:10B8D000DFE7019B3F181B1A0193EAE701004020B4
:10B8E0000B6970B505000C00002B01D1002070BD64
:10B8F000002804D08369002B01D100F05FF80B4BC6
:10B900009C4209D16C680C22A35E002BEED0210072
:10B910002800FFF75BFFEAE7054B9C4201D1AC68CA
:10B92000F1E7044B9C42EED1EC68ECE7E8D3000071
:10B9300008D40000C8D30000002310B50400036041
:10B940004360836081814366C28103614361836197
:10B95000190008225C30FEF783F8054B246263620D
:10B96000044BA362044BE362044B236310BDC04647
:10B970004DA8000075A80000ADA80000D9A80000DF
:10B9800010B5024900F08CF810BDC046E1B80000C7
:10B9900070B568254A1E55430E0029007431FEF724
:10B9A000F7F8041E08D000212A00016046600C3020
:10B9B000A0606832FEF754F8200070BD836913B5AB
:10B9C0000400002B28D18364C3640365134B144A1D
:10B9D0001B6882620193984201D101238361200098
:10B9E00000F020F86060200000F01CF8A06020004B
:10B9F00000F018F80022E06004216068FFF79CFF67
:10BA000001220921A068FFF797FF02221221E068B6
:10BA1000FFF792FF0123A36113BDC04668D2000067
:10BA200081B90000F8B51C4B07001E68B369002BF4
:10BA300002D13000FFF7C2FF4836B4687368013B9B
:10BA400004D53368002B07D03668F6E70C22A55ED4
:10BA5000002D0DD06834F2E704213800FFF798FF7D
:10BA600030600028F0D10C2304003B602000F8BDBA
:10BA700020000A4B656625606560A560E36025616E
:10BA80006561A561082229005C30FDF7E9FF656367
:10BA9000A563A564E564E9E768D200000100FFFF43
:10BAA000F7B504000700002601914834002C01D1AD
:10BAB0003000FEBD6368A5680093009B013B0093C6
:10BAC00001D52468F2E7AB89012B08D90E22AB5EC1
:10BAD000013304D029003800019B9847064368359C
:10BAE000EBE70000034B1B68186A002800D10248EE
:10BAF000F030704794000020F800002070B5050079
:10BB0000080011000022064C22601A0000F0B0FD6F
:10BB1000431C03D12368002B00D02B6070BDC046AE
:10BB20006812002070B50E001D000E23C95E96B08D
:10BB30001400002907DA00232B60B3891B0611D4F7
:10BB40008023DB000FE06A4600F03EFD0028F2DBB8
:10BB5000F022019B12021340054A9B185A4253419E
:10BB60002B60EDE740230020236016B070BDC04677
:10BB700000E0FFFFF7B502268B8905000C00334279
:10BB800006D0230047332360236101236361F7BD9F
:10BB900001AB6A46FFF7C6FF009907002800FDF7D2
:10BBA000F7FF002808D10C22A35E9A05EFD40322E8
:10BBB00093431E43A681E4E70F4BAB628023A28927
:10BBC00020601343A381009B20616361019B002BD4
:10BBD0000DD00E23E15E280000F008FD002806D0FD
:10BBE0000322A38993431A0001231343A381A0894D
:10BBF0003843A081CBE7C04681B90000C9B28218A2
:10BC0000904201D10020704703788B42FBD0013075
:10BC1000F6E77047704770B5466A04000D00002EC5
:10BC200007D11020FDF7DAFE60624660866006608C
:10BC3000C660666AF368002B13D0636AAA00DB68EB
:10BC40009B181868002818D101210E00AE40721D03
:10BC50009200200000F0C6FA00280CD045608660F3
:10BC60000DE021220421200000F0BCFA636AF0609C
:10BC7000DB68002BE1D1002070BD02681A60002350
:10BC80000361C360F8E770B5446A06000D00002C3C
:10BC900007D11020FDF7A2FE70624460846004604A
:10BCA000C460002D07D0736A6A68DB6892009B1835
:10BCB0001A682A601D6070BDF7B51E0014239C46EB
:10BCC00007000C0000200D698C4463461B6801309E
:10BCD00099B263461B6851431B0C534389190E0CE0
:10BCE0009B1989B21E0C1B045B18614608C18C4667
:10BCF0008542EADC002E1BD0A368AB4212DC6368ED
:10BD00003800591CFFF787FF2100236901909A1C16
:10BD100092000C310C30FDF787FE21003800FFF750
:10BD2000B2FF019C2B1D9B00E31801355E6025616D
:10BD30002000FEBD0300020C0020824201D11B0442
:10BD400010301A0E01D108301B021A0F01D1043035
:10BD50001B019A0F01D102309B00002B03DB013045
:10BD60005B0000D4202070470722036810B5010053
:10BD70001A400DD001240020234205D10230034295
:10BD800003D0E34020000B6010BD9B080B60FBE775
:10BD90009CB21000002C01D110201B0CDAB2002A3A
:10BDA00001D108301B0A1A0701D104301B099A0778
:10BDB00001D102309B08DA07E8D45B0801D00130DA
:10BDC000E4E72020E0E710B50C000121FFF723FF96
:10BDD00001234461036110BDF0B50B6914001269C1
:10BDE00089B00D00934201DA25000C002F69266905
:10BDF0006968BB190293AB68BA19934200DA013142
:10BE0000FFF709FF0200BB1914329B00D3189C46B0
:10BE100000211300049063451DD31435BF00EB19B6
:10BE20001434B6000593A319039501940793079B57
:10BE30000199994211D3029B002B06DD04235B423A
:10BE40009C4463461B68002B51D0049B029A180047
:10BE50001A6109B0F0BD02C3DDE7019B1B6898B20F
:10BE600000281CD015000026039F02CF2C688BB23F
:10BE70004343090C4143A4B21B199B190E002968C6
:10BE80000695090C71181E0C89190E0C9BB2090439
:10BE90000B4308C5059BBB42E7D8069B5E60019B30
:10BEA0001B681D0C1ED0100000271368039E31680C
:10BEB000046889B26943240C0919C9190F049BB29B
:10BEC0003B43036080CE43683F0C6F439BB2FB183B
:10BED000090C5B18059906901F0C0430B142E6D896
:10BEE00006994B60019B0432043301939FE7029B48
:10BEF000013B02939FE700000323F7B513400500C1
:10BF00000E001400002B08D02249013B9A00525821
:10BF100000233100FFF7D0FE0600A310019336D0B6
:10BF20006C6A002C07D11020FDF758FD6862446050
:10BF300084600460C4606F6ABC68002C07D1164935
:10BF40002800FFF740FF00230400B86003600122CF
:10BF5000019B13420AD0310022002800FFF73CFF6A
:10BF6000070031002800FFF78EFE3E00019B5B10AA
:10BF700001930CD02068002807D12200210028005E
:10BF8000FFF72AFF0023206003600400DFE7300092
:10BF9000FEBDC04618D5000071020000F0B50D00CE
:10BFA00017002B69541185B0E318019301330093F6
:10BFB0004968AB680290009A934235DB0298FFF71C
:10BFC0002AFE00230200060019001432A3422EDBD1
:10BFD000E343DB171C402B00A40014192A69143317
:10BFE00092009A1894461F22174024D00132D21B87
:10BFF0000392002219682000B9400A4304C404CB0C
:10C000000399CA409C45F5D84260002A02D0019BA2
:10C0100002330093009B0298013B33612900FFF734
:10C0200032FE300005B0F0BD01315B00C3E798007F
:10C0300011500133CAE704CB04C49C45FBD8E9E79F
:10C040000A69036930B59B1A0DD19200143014317E
:10C0500084188918043C043925680A68954204D07C
:10C060000123954204D3180030BDA042F2D3FAE771
:10C070005B42F8E7F0B50D0085B00700110028001D
:10C080001400FFF7DDFF061E08D101003800FFF79E
:10C09000C2FD01234661036105B0F0BD0123019398
:10C0A000002804DB23002C001D000023019361689D
:10C0B0003800FFF7B0FD2F000022019B2669C36006
:10C0C0001434B300E31802932B6914379B00FB1858
:10C0D000039303009446143320CC04CF0192AAB2F8
:10C0E00094446A46614692882D0C8A1A0199090C7B
:10C0F000691A151449190D1492B209040A431A60F9
:10C10000039AAC460433BA42E6D802991A008C422C
:10C1100005D3043A1368002B0ED00661BCE704CCAB
:10C1200091B261440D14120C5219151489B2120403
:10C130000A43AC4604C3E8E7013EEAE7F7B51D0051
:10C1400001211400089FFFF766FD2B036D00060018
:10C150001B0B6D0D24D10193002C27D06846009451
:10C16000FFF702FE009C00281ED0019B20211A0030
:10C17000091A8A40C340224372610193019CB46151
:10C18000631E9C4101343461002D18D0124BED1810
:10C1900035232D183D60181A099B18603000FEBD2C
:10C1A000802252031343D6E77461E7E701A8FFF743
:10C1B000DBFD0124019B346173612030E4E7074B10
:10C1C000C018074B3860E3189B00F3185869FFF755
:10C1D000B1FD6401201ADFE7CDFBFFFFCEFBFFFFBF
:10C1E000FFFFFF3F4A4370B511001400FDF7D0FC7C
:10C1F000051E03D022000021FDF732FC280070BD8F
:10C20000F8B507000D001600002905D11100FDF753
:10C21000BFFC04002000F8BD002A03D1FDF728FC74
:10C220003400F7E700F0F4F92C00B042F2D231000C
:10C230003800FDF7ADFC041EECD029003200FDF7FC
:10C24000F3FB29003800FDF713FCE3E7F0B58E6837
:10C2500085B007000C00039201939E423CD89023C6
:10C260008A89DB001A4234D00325096923685B1AE6
:10C270000293636902985D43EB0F5D19019B6D109A
:10C2800001331B18AB4200D91D00530532D52900DC
:10C290003800FDF77DFC061E09D10C233B604023CE
:10C2A0000120A28940421343A38105B0F0BD029A48
:10C2B0002169FDF7B9FBA389144A1A40802313436F
:10C2C000A381029B2661F61826606561019EED1A26
:10C2D000A560019B9E4200D9019E3200039920680F
:10C2E000FDF7ABFBA36800209B1BA36023689E198E
:10C2F0002660DAE72A003800FFF782FF061EE0D149
:10C3000021693800FDF7B4FBC7E7C0467FFBFFFF9C
:10C31000F0B59FB0029005938B890F0016001B06A5
:10C3200011D50B69002B0ED14021FDF731FC38608F
:10C330003861002805D10C23029A013813601FB020
:10C34000F0BD40237B61002306AC6361203363763C
:10C350001033A37635002B78002B01D0252B46D146
:10C36000AB1B04930CD0320039000298FFF76EFF2C
:10C37000431C00D1AEE06269049B94466344636150
:10C380002B78002B00D1A5E00122002352426260ED
:10C3900002A9543252186E1C2360E360A36013702C
:10C3A000A365317805225448FFF728FC751C002846
:10C3B0001FD12268D30604D5532302A95B1820217C
:10C3C0001970130704D5532302A95B182B21197088
:10C3D00033782A2B16D0350000210A20E3682A780A
:10C3E0006E1C303A092A4ED9002918D010E00135C8
:10C3F000B1E7414B2268C01A0123834013432360F5
:10C400002E00CEE7059B191D1B680591002B01DB53
:10C41000099304E05B42E3600223134323602B781B
:10C420002E2B0AD16B782A2B35D1059B02351A1D8C
:10C430001B680592002B2BDB0793304E29780322D3
:10C440003000FFF7DBFB002806D04023801B834031
:10C4500022680135134323602978062228486E1C80
:10C460002176FFF7CBFB00283CD0264B002B25D1B3
:10C470000722059B07339343083305936369039AA7
:10C480009B18636166E7434301219B183500A6E7CB
:10C4900001235B42D0E700230A201A0001356360C4
:10C4A00029786E1C3039092903D9002BC5D0079291
:10C4B000C3E74243012352183500F1E705AB00936F
:10C4C0003A00114B21000298FDF79AFD0390039B5F
:10C4D0000133D3D1BB890B985B0600D42FE7012031
:10C4E00040422CE705AB00933A00074B210002982D
:10C4F000FEF740F8EAE7C04674D200007AD20000A6
:10C500007ED2000001A000004DC2000070B5050001
:10C51000080011000022064C22601A0000F0B0F85A
:10C52000431C03D12368002B00D02B6070BDC04694
:10C530006812002070B504000D001F2904D91623CD
:10C5400003600120404270BD436C002B04D08A0080
:10C550009B181A68002A08D1200000F031F82A0040
:10C560000100200000F01AF8EDE70020012AEAD0CF
:10C57000511C03D1162301302360E4E70024280076
:10C580001C6090472000DEE710B5034B01001868DF
:10C59000FFF7D0FF10BDC04694000020002370B507
:10C5A000064C050008001100236000F059F8431CF8
:10C5B00003D12368002B00D02B6070BD68120020CF
:10C5C00010B500F03DF810BD002370B5064C050015
:10C5D00008001100236000F02BF8431C03D12368EE
:10C5E000002B00D02B6070BD68120020002370B5B6
:10C5F000064C05000800236000F02AF8431C03D114
:10C600002368002B00D02B6070BDC046681200204C
:10C610000B1F1B68181F002B01DA0B58C01870473E
:10C6200058220120014B40421A60704768120020D6
:10C6300058220120014B40421A60704768120020C6
:10C6400058220120014B40421A60704768120020B6
:10C650005822024B00201A607047C0466812002022
:10C6600058220120014B40421A6070476812002096
:10C6700058220120014B40421A6070476812002086
:10C6800058220120014B40421A6070476812002076
:10C69000044A1368002B00D1034B181810601800CF
:10C6A0007047C046641200206C12002058220120FE
:10C6B000014B40421A60704768120020FEE7C046F6
:10C6C000F8B5C046F8BC08BC9E467047F8B5C046F1
:10C6D000F8BC08BC9E4670474B6B73444E71634E6A
:10C6E00062366D43593478410052464D36392069DF
:10C6F0006E6974206661696C65642C206174746570
:10C700006D7074200052464D363920696E69742070
:10C710006661696C65643B20736B697070696E67F4
:10C720002054582074686973206379636C650072C3
:10C730006164617220736574746C656420616674F1
:10C7400065722000206D73007261646172206469FB
:10C7500064206E6F7420736574746C65206E6561FF
:10C760007220746865206365696C696E673B20722E
:10C7700065706F7274696E67206C61737420616E8E
:10C78000737765722000726164617220646964204D
:10C790006E6F7420736574746C6520286C6173749B
:10C7A00020616E737765722000293B207265706F7F
:10C7B0007274696E67206E6F2072656164696E675E
:10C7C000007269736520636F6E6669726D656420BF
:10C7D0002D3E20666173742073616D706C696E67A5
:10C7E00000637265656B207175696574202D3E204C
:10C7F0006E6F726D616C2073616D706C696E670035
:10C800007B2264223A256C642C2276223A25752CF0
:10C810002266223A25642C2267223A25642C227251
:10C82000223A25752C226E223A25752C2269223A4D
:10C8300025757D007B2264223A6E756C6C2C227605
:10C84000223A25752C2266223A25642C2267223A48
:10C8500025642C2272223A25752C226E223A2575E7
:10C860002C2269223A25757D0054583A20005254F2
:10C870004320616C61726D20616C72656164792026
:10C880007061737365643B20736B697070696E6768
:10C890002074686973206E61700052464D363920ED
:10C8A000696E6974206661696C65643B20726574A9
:10C8B0007279696E67206F6E206E6578742077617B
:10C8C0006B65000A5472616E736D697474696E678A
:10C8D000206174202564204D687A2E2E2E0053503E
:10C8E0004920466C61736820496E6974204F4B2063
:10C8F0002E2E2E20556E69717565494420284D41B4
:10C9000043293A200053504920466C617368204DFA
:10C91000454D206E6F7420666F756E6420286973B4
:10C92000206368697020736F6C64657265643F2969
:10C930002E2E2E0052464D36395F41544320456E0F
:10C9400061626C656420284175746F205472616E59
:10C95000736D697373696F6E20436F6E74726F6C61
:10C96000290A00437265656B206E6F6465207265ED
:10C9700061647900EE00000000000000000000008B
:10C980008D340000753000002D2D000009360000A8
:10C99000E1300000553600000B2C00001D30000077
:10C9A0005D2C00005D2F0000312C0000492C0000A0
:10C9B000092C0000F12D00006D31000077360000D9
:10C9C00000000000000000008D3400007530000001
:10C9D000B136000009360000E93800005536000085
:10C9E0000B2C00001D3000005D2C00005D2F0000AE
:10C9F000312C0000492C000031370000853900003F
:10CA0000A539000077360000464C583F4E4F4B3A50
:10CA10004E4F464C415348004641494C3A4E4F20F8
:10CA2000464C415348204D454D00464C583F4F4BD6
:10CA300000464C41534820494D47205452414E53E3
:10CA40004D495353494F4E2053554343455353216A
:10CA50000A0054696D656F75742F4572726F722C80
:10CA60002065726173696E67207772697474656E90
:10CA70002064617461202E2E2E2000444F4E45000C
:10CA8000464C58494D473A00726164696F205B001B
:10CA90005D203E2000464C583A25753A4F4B0046E3
:10CAA0004C583F4F4B20726573656E6400494D478B
:10CAB000203E203235333935322C20746F6F20629E
:10CAC000696700464C583F4E4F4B3A4845583E32F6
:10CAD00034386B00464C583F4F4B202841434B2085
:10CAE00073656E742900554E5368696674696E6784
:10CAF000206368616E6E656C20746F20000000001A
:10CB0000000000000B000000020000001C000000FC
:10CB1000FF00010101010B00000000000A000000FD
:10CB2000020000001C000000FF00000100010A00DC
:10CB3000000000000E0000000800000004000000DB
:10CB4000FF00000000000E000000000009000000CF
:10CB5000040000001C000000FF00010001000900AB
:10CB60000000000008000000040000001C0000009D
:10CB7000FF00000000001000000000000F00000097
:10CB8000040000001C000000FF00010301030F006F
:10CB90000000000014000000050000002C00000050
:10CBA000FF00020002000400000000001500000069
:10CBB0000800000004000000FF00FFFFFFFF050069
:10CBC0000000000006000000040000001C0000003F
:10CBD0000600000100010600000000000700000040
:10CBE000040000001C000000070001010101070013
:10CBF0000000000012000000040000001C00000003
:10CC0000FF0000030003020000000000100000000D
:10CC1000040000001C000000FF00000200020000F1
:10CC20000000000013000000050000002C000000C0
:10CC3000FF000300030003000000000011000000DB
:10CC4000040000001C000000FF00010201020100BE
:10CC500000000000020000000100000002000000CF
:10CC60000000FFFFFFFF02000100000008000000BD
:10CC70000100000018000000020000040004080089
:10CC80000100000009000000010000001800000081
:10CC9000030001040104090000000000040000007A
:10CCA0000100000018000000040000000000040063
:10CCB0000000000005000000010000001800000056
:10CCC0000500010001000500010000000200000055
:10CCD00001000000000000000A00FFFFFFFF02004B
:10CCE0000000000016000000020000000400000028
:10CCF000FF00FFFFFFFF060000000000170000001C
:10CD00000200000004000000FF00FFFFFFFF07001B
:10CD1000000000000C000000030000000400000000
:10CD2000FF00FFFFFFFF0C00010000000A000000F1
:10CD30000300000004000000FF00FFFFFFFF0A00E7
:10CD4000010000000B0000000300000004000000D0
:10CD5000FF00FFFFFFFF0B000100000003000000C9
:10CD60000B00000004000000FF00FFFFFFFFFF00BA
:10CD7000000000001B0000000B0000000400000089
:10CD8000FF00FFFFFFFFFF00000000001C0000008D
:10CD90000600000000000000FF00FFFFFFFFFF0093
:10CDA0000000000018000000060000000000000065
:10CDB000FF00FFFFFFFFFF00000000001900000060
:10CDC0000600000000000000FF00FFFFFFFFFF0063
:10CDD0000100000016000000030000000000000039
:10CDE000FF00FFFFFFFFFF00010000001700000031
:10CDF0000300000000000000FF00FFFFFFFFFF0036
:10CE0000000000001600000002000000000000000A
:10CE1000FF00FFFFFFFFFF00000000001700000001
:10CE20000200000000000000FF00FFFFFFFFFF0006
:10CE300000000000130000000200000000000000DD
:10CE4000FF00FFFFFFFFFF000000000010000000D8
:10CE50000200000000000000FF00FFFFFFFFFF00D6
:10CE600000000000120000000200000000000000AE
:10CE7000FF00FFFFFFFFFF000000000011000000A7
:10CE80000200000000000000FF00FFFFFFFFFF00A6
:10CE9000000000000D000000040000000C00000075
:10CEA000FF000100FFFF0D00000000001500000062
:10CEB000050000000C000000FF000300FFFFFF0062
:10CEC0000000000006000000040000000C0000004C
:10CED000FF000001FFFFFF0000000000070000004E
:10CEE000040000000C000000FF000101FFFFFF0034
:10CEF000000000000300000001000000020000002C
:10CF0000FF00FFFFFFFFFF00000000000200000025
:10CF100001000000020000001400FFFFFFFF0200FC
:10CF200000000000060000000100000002000000F8
:10CF300006000001000106000000000007000000DC
:10CF400001000000020000000700010101010700CC
:10CF5000000000001E0000000400000006000000A9
:10CF6000FF00FFFF00010A00000000001F0000009A
:10CF70000400000006000000FF00FFFF01010B009D
:10CF80000D0A00000008004214090000000C0042D5
:10CF9000150A000000100042160B000000140042A9
:10CFA000170C000000180042180D0000001C004281
:10CFB000190E00000000000000000000DB46000029
:10CFC00009470000D7460000FB460000EF4600007E
:10CFD000514700003547000000000000000000003D
:10CFE0006B4B00004D4A00008949000039480000A1
:10CFF0005F480000734800004C6F77506F77657290
:10D000004C6162204D6F7465696E6F204D30000079
:10D01000040309044C6F77506F7765724C616200AE
:10D0200012010002EF020140D804E5EE0001010206
:10D03000030100000000000000000000D55A0000BD
:10D04000F5410000ED590000A7590000C15900004A
:10D05000915B000089570000795700000D580000CF
:10D06000A357000075570000280800420200000086
:10D0700001000000280C0042040000000300000032
:10D08000281000420600000005000000281400429D
:10D090000800000007000000281800420A000000F5
:10D0A00009000000281C00420C0000000B000000DA
:10D0B000705F736572636F6D20213D204E554C4C3F
:10D0C000002F686F6D652F72756E6E65722F2E70F2
:10D0D0006C6174666F726D696F2F7061636B6167ED
:10D0E00065732F6672616D65776F726B2D61726407
:10D0F00075696E6F2D73616D642D6D6F7465696EEA
:10D100006F2F6C69627261726965732F5350492F7A
:10D110005350492E63707000535049436C617373D0
:10D120003A3A535049436C61737328534552434F05
:10D130004D2A2C2075696E74385F742C2075696EC9
:10D1400074385F742C2075696E74385F742C2053AA
:10D150006572636F6D53706954585061642C20532D
:10D160006572636F6D52585061642900F875000054
:10D17000A2750000A2750000D07600009E75000028
:10D180009E750000C6760000D07600009E750000F7
:10D19000C67600009E750000D0760000D4760000B0
:10D1A000D4760000D4760000DC760000888400008D
:10D1B000FA8200003E830000A28200003E8300004D
:10D1C0002E8400003E830000A2820000FA8200004C
:10D1D000FA8200002E840000A28200009A820000E1
:10D1E0009A8200009A8200003C840000B08B00000C
:10D1F000B28A0000B28A0000D08D0000AC8A000024
:10D20000AC8A0000B88D0000D08D0000AC8A000010
:10D21000B88D0000AC8A0000D08D0000C68D0000E3
:10D22000C68D0000C68D0000D48D00002C206675D0
:10D230006E6374696F6E3A2000617373657274690E
:10D240006F6E2022257322206661696C65643A2026
:10D2500066696C6520222573222C206C696E65201E
:10D260002564257325730A00980000204300504F61
:10D2700053495800232D302B2000686C4C00656604
:10D280006745464700494E4600696E66004E414E6E
:10D29000006E616E0030003031323334353637384D
:10D2A0003941424344454600303132333435363714
:10D2B00038396162636465660000202020202020E8
:10D2C0002020202828282828202020202020202036
:10D2D0002020202020202020202088101010101036
:10D2E0001010101010101010101004040404040486
:10D2F0000404040410101010101010414141414169
:10D3000041010101010101010101010101010101CD
:10D31000010101010110101010101042424242425E
:10D32000420202020202020202020202020202029D
:10D330000202020202101010102000000000000083
:10D3400000000000000000000000000000000000DD
:10D3500000000000000000000000000000000000CD
:10D3600000000000000000000000000000000000BD
:10D3700000000000000000000000000000000000AD
:10D38000000000000000000000000000000000009D
:10D39000000000000000000000000000000000008D
:10D3A000000000000000000000000000000000007D
:10D3B00000000000000000000000496E66696E6910
:10D3C0007479004E614E0000000000000000000073
:10D3D000000000000000000000000000000000004D
:10D3E000000000000000000000000000000000003D
:10D3F000000000000000000000000000000000002D
:10D40000000000000000000000000000000000001C
:10D41000000000000000000000000000000000000C
:10D4200000000000000000000080E03779C34143A5
:10D43000176E05B5B5B89346F5F93FE9034F384D7A
:10D44000321D30F94877825A3CBF737FDD4F157526
:10D45000000000000000F03F000000000000244039
:10D4600000000000000059400000000000408F4014
:10D47000000000000088C34000000000006AF8407F
:10D480000000000080842E4100000000D0126341A3
:10D490000000000084D797410000000065CDCD4119
:10D4A000000000205FA00242000000E876483742FA
:10D4B000000000A2941A6D42000040E59C30A24298
:10D4C0000000901EC4BCD64200003426F56B0C430D
:10D4D0000080E03779C3414300A0D88557347643B4
:10D4E00000C84E676DC1AB43003D9160E458E14315
:10D4F000408CB5781DAF154450EFE2D6E41A4B448A
:10D5000092D54D06CFF08044F64AE1C7022DB544CE
:10D51000B49DD9794378EA44050000001900000061
:08D520007D0000000000000086
:10D52800FFFFFFFFFFFFFFFFFFFFFFFF00C201003C
:10D5380000000800080B00020202000009040000B5
:10D54800010202000005240010010424020605243B
:10D5580006000105240101010705810310001009D7
:10D56800040100020A00000007050202400000074B
:10D578000583024000000000FFFFFFFF00000000DD
:10D58800830000000200000082000000000000008C
:10D598000000000000000000000000000000000083
:10D5A8000000000040420F000A0000000A000000CE
:10D5B800FFFFFFFF9800002000000000E8D30000F4
:10D5C80008D40000C8D300000000000000000000DC
:10D5D8000000000000000000000000000000000043
:10D5E8000000000000000000000000000000000033
:10D5F8000000000000000000000000000000000023
:10D608000000000000000000000000000000000012
:10D6180000000000000000004300000000000000BF
:10D6280000000000000000000000000000000000F2
:10D63800000000000000000043000000000000009F
:10D6480000000000000000000000000000000000D2
:10D65800000000000000000043000000000000007F
:10D6680000000000000000000000000000000000B2
:10D67800000000000000000043000000000000005F
:10D688000000000000000000000000000000000092
:10D69800000000000000000043000000000000003F
:10D6A8000000000000000000000000000000000072
:10D6B800000000000000000043000000000000001F
:10D6C8000000000000000000000000000000000052
:10D6D80000000000000000004300000000000000FF
:10D6E8000000000000000000000000000000000032
:10D6F8000000000000000000A1A90000059A000039
:10D7080000000000B9D2000032C9000082CF00003A
:10D7180082CF000082CF000082CF000082CF0000BD
:10D7280082CF000082CF000082CF000082CF0000AD
:10D73800FFFFFFFFFFFFFFFFFFFFFFFFFFFF0000EF
:10D748000100415343494900000000000000000067
:10D7580000000000000000000000000000000000C1
:10D768000000415343494900000000000000000048
:10D7780000000000000000000000000000000000A1
:10D7880000000000DD20000091220000614100003F
:10D7980011480000655700000D690000B520000021
:0400000300005DC9D3
:00000001FF
